-- phpMyAdmin SQL Dump
-- version 4.8.5
-- https://www.phpmyadmin.net/
--
-- Хост: 127.0.0.1
-- Время создания: Май 16 2021 г., 22:53
-- Версия сервера: 10.1.39-MariaDB
-- Версия PHP: 7.3.5

SET SQL_MODE = "NO_AUTO_VALUE_ON_ZERO";
SET AUTOCOMMIT = 0;
START TRANSACTION;
SET time_zone = "+00:00";


/*!40101 SET @OLD_CHARACTER_SET_CLIENT=@@CHARACTER_SET_CLIENT */;
/*!40101 SET @OLD_CHARACTER_SET_RESULTS=@@CHARACTER_SET_RESULTS */;
/*!40101 SET @OLD_COLLATION_CONNECTION=@@COLLATION_CONNECTION */;
/*!40101 SET NAMES utf8mb4 */;

--
-- База данных: `diplom`
--

-- --------------------------------------------------------

--
-- Структура таблицы `a1`
--

CREATE TABLE `a1` (
  `id` int(11) NOT NULL,
  `word` text NOT NULL,
  `sentence` text NOT NULL,
  `text` text NOT NULL
) ENGINE=InnoDB DEFAULT CHARSET=utf8;

--
-- Дамп данных таблицы `a1`
--

INSERT INTO `a1` (`id`, `word`, `sentence`, `text`) VALUES
(2, '', '', '<b>Our Vacation</b><br><br>\r\nEvery year we go to Florida. We like to go to the beach.\r\n<br><br>\r\nMy favorite beach is called Emerson Beach. It is very long, with soft sand and palm trees. It is very beautiful. I like to make sandcastles and watch the sailboats go by. Sometimes there are dolphins and whales in the water!\r\n<br><br>\r\nEvery morning we look for shells in the sand. I found fifteen big shells last year. I put them in a special place in my room. This year I want to learn to surf. It is hard to surf, but so much fun! My sister is a good surfer. She says that she can teach me. I hope I can do it!'),
(3, '', '', '<b>My Wonderful Family</b><br><br>\r\nI live in a house near the mountains. I have two brothers and one sister, and I was born last. My father teaches mathematics, and my mother is a nurse at a big hospital. My brothers are very smart and work hard in school. My sister is a nervous girl, but she is very kind. My grandmother also lives with us. She came from Italy when I was two years old. She has grown old, but she is still very strong. She cooks the best food!\r\n<br><br>\r\nMy family is very important to me. We do lots of things together. My brothers and I like to go on long walks in the mountains. My sister likes to cook with my grandmother. On the weekends we all play board games together. We laugh and always have a good time. I love my family very much.\r\n\r\n'),
(4, '', '', '<b>My day</b><br><br> First, I wake up. Then, I get dressed. I walk to school. I do not ride a bike. I do not ride the bus. I like to go to school. It rains. I do not like rain. I eat lunch. I eat a sandwich and an apple. <br><br> I play outside. I like to play. I read a book. I like to read books. I walk home. I do not like walking home. My mother cooks soup for dinner. The soup is hot. Then, I go to bed. I do not like to go to bed.'),
(65, 'big - մեծ', '', '<b>A great summer vacation</b><br><br> I just returned from the greatest summer vacation! It was so fantastic, I never wanted it to end. I spent eight days in Paris, France. My best friends, Henry and Steve, went with me. We had a beautiful hotel room in the Latin Quarter, and it wasn’t even expensive. We had a balcony with a wonderful view.<br><br>  We visited many famous tourist places. My favorite was the Louvre, a well-known museum. I was always interested in art, so that was a special treat for me. The museum is so huge, you could spend weeks there. Henry got tired walking around the museum and said “Enough! I need to take a break and rest.”<br><br>  We took lots of breaks and sat in cafes along the river Seine. The French food we ate was delicious. The wines were tasty, too. Steve’s favorite part of the vacation was the hotel breakfast. He said he would be happy if he could eat croissants like those forever. We had so much fun that we’re already talking about our next vacation!'),
(66, 'bed - անկողին', 'When we returned, I was shocked at the big difference!<br><br>Երբ մենք վերադարձանք, ես զարմացած էի մնացել մեծ տարբերությունից։', '<b>Numbers</b><br><br> Most individuals don\'t think about numbers, or numerical representations of quantity, but they play a major part in everyday life. To be sure, numbers determine the time individuals will wake up in the morning, how much money employees earn per hour, what day of the year it is, and much, much more.<br><br>  Additionally, numbers impact everyday living on a much smaller scale. In the grocery store, for instance, numbers determine products\' prices, the amount of a product available for purchase, how much money will need to be paid for products, and a whole lot else.'),
(67, 'pen - գրիչ', 'My bed just pops out of the wall with two fingers.<br><br>Իմ անկողինը երկու մատի շարժումով դուրս է գալիս պատի միջից։', ''),
(68, 'man - տղամարդ', 'Tom added his own name to the list of people who wanted to take part in the dance.<br><br>Թոմը ավելացրեց իր սեփական անունը այն մարդկանց ցուցակում, որոնք ուզում էին մասնակցել պարին:', ''),
(69, 'water - ջուր', 'I don\'t care what you do with it.<br><br>Ինձ չի հետաքրքրում, թե ինչ ես դու անում դրա հետ:', ''),
(70, 'name - անուն', 'It kills genuine, tender human relationships—destroying marriages and families.<br><br>Այն սպանում է անկեղծ, քնքուշ մարդկային հարաբերությունները՝ կործանելով ամուսնությունները եւ ընտանիքները։', ''),
(71, 'ball - գնդակ', 'I can\'t imagine such a life.<br><br>Ես այդպիսի կյանք չեմ պատկերացնում:', ''),
(72, 'car - մեքենա', 'Running as fast as I could, I was able to catch up with my friend.<br><br>Վազելով այնքան արագ, որքան կարող էի՝ ես կարողացա բռնել իմ ընկերոջը:', ''),
(73, 'you - դու', 'According to my experience, it takes one year to master French grammar.<br><br>Ըստ իմ փորձի, ֆրանսերենի քերականությանը տիրապետելու համար մեկ տարի է պահանջվում:', ''),
(74, 'wall - պատ', 'The new subway enables me to get to school in 20 minutes.<br><br>Նոր մետրոն ինձ հնարավորություն է տալիս դպրոց հասնել 20 րոպեում:', ''),
(75, 'family - ընտանիք', 'When I was a child, my mother made me eat green vegetables every day.<br><br>Երբ ես երեխա էի, մայրս ինձ ստիպում էր ամեն օր կանաչեղեն ուտել:', ''),
(76, 'friend - ընկեր', 'The chairs are under the tree.<br><br>Աթոռները ծառի տակ են:', ''),
(77, 'life - կյանք', 'Their decision and baptism carried with them a high price.<br><br>Իրենց որոշման ու մկրտության համար նրանք թանկ գին վճարեցին։', ''),
(78, 'death - մահ', 'It\'s easy to say, but it\'s not easy to do.<br><br>Դա հեշտ է ասել, բայց դա հեշտ չէ անել:', ''),
(79, 'hand - ձեռք', 'Can you tell me who\'s coming tonight?<br><br>Կարո՞ղ ես ասել ինձ, ով է գալու երեկոյան:', ''),
(80, 'king - թագավոր', 'What results when we imitate Jehovah’s example of showing love?<br><br>Ի՞նչ օգուտներ ենք ստանում, երբ սեր դրսեւորելիս հետեւում ենք Եհովայի օրինակին։', ''),
(81, 'year - տարի', 'Tom needs to know what he\'s up against.<br><br>Թոմը պետք է իմանա, ինչ արգելքների արջեւ է կանգնած:', ''),
(82, 'world - աշխարհ', 'Tom can go hear Mary sing at that club whenever he wants to.<br><br>Թոմը կարող է ցանկացած պահի գնալ ակումբ Մերիի երգելը լսելու:', ''),
(83, 'tree - ծառ', 'I didn\'t think you even liked Tom.<br><br>Ես նույիսկ չէի էլ մտածում, որ Թոմը քեզ դուր է գալիս:', ''),
(84, 'animal - կենդանի', 'In fact, the only way we can lose the race is by finally giving in or giving up.<br><br>Իրականում, պարտությունը մեր մրցավազքում կարող է լինել միայն այն դեպքում, երբ մենք ի վերջո հանձնվենք կամ հուսահատվենք։', ''),
(85, 'work - աշխատանք', 'Thus, it is not inherently wrong to use oft repeated words or phrases when praying.<br><br>Այսպիսով, ըստ էության, աղոթելիս սխալ չէ հաճախակի օգտագործել կրկնվող բառեր կամ արտահայտություններ։', ''),
(86, 'school - դպրոց', '', ''),
(87, 'shop - խանութ', '', ''),
(88, 'house - տուն', '', ''),
(89, 'country - երկիր', '', ''),
(90, 'fire - կրակ', '', ''),
(91, 'food - ուտելիք', '', ''),
(92, 'sun - արև', '', ''),
(93, 'day - օր', '', ''),
(94, 'child - երեխա', '', ''),
(95, 'paper - թուղթ', '', ''),
(96, 'chair - աթոռ', '', ''),
(97, 'table - սեղան', '', ''),
(98, 'money - փող', '', ''),
(99, 'way - ճանապարհ', '', ''),
(100, 'cake - տորթ', '', ''),
(101, 'price - գին', '', ''),
(102, 'question - հարց', '', ''),
(103, 'answer - պատասխան', '', ''),
(104, 'number - թիվ', '', ''),
(105, 'can - կարողանալ', '', ''),
(106, 'feel - զգալ', '', ''),
(107, 'love - սեր', '', ''),
(108, 'want - ցանկանալ', '', ''),
(109, 'say - ասել', '', ''),
(110, 'tell - պատմել', '', ''),
(111, 'see - տեսնել', '', ''),
(112, 'hear - լսել', '', ''),
(113, 'believe - հավատալ', '', ''),
(114, 'take - վերցնել', '', ''),
(115, 'give - տալ', '', ''),
(116, 'go - գնալ', '', ''),
(117, 'run - վազել', '', ''),
(118, 'make - կատարել', '', ''),
(119, 'know - իմանալ', '', ''),
(120, 'understand - հասկանալ', '', ''),
(121, 'remember - հիշել', '', ''),
(122, 'think - մտածել', '', ''),
(123, 'lose - կորցնել', '', ''),
(124, 'use - օգտագործել', '', '');

-- --------------------------------------------------------

--
-- Структура таблицы `a2`
--

CREATE TABLE `a2` (
  `id` int(11) NOT NULL,
  `word` text NOT NULL,
  `sentence` text NOT NULL,
  `text` text NOT NULL
) ENGINE=InnoDB DEFAULT CHARSET=utf8;

--
-- Дамп данных таблицы `a2`
--

INSERT INTO `a2` (`id`, `word`, `sentence`, `text`) VALUES
(5, 'get - ստանալ', '', ''),
(6, 'come - գալ', 'Can you tell me who is coming tonight?<br><br>Կարո՞ղ ես ասել ինձ, ով է գալու երեկոյան:', '<b>A great summer vacation</b><br><br>\r\nI just returned from the greatest summer vacation! It was so fantastic, I never wanted it to end. I spent eight days in Paris, France. My best friends, Henry and Steve, went with me. We had a beautiful hotel room in the Latin Quarter, and it wasn’t even expensive. We had a balcony with a wonderful view.<br><br>\r\n\r\nWe visited many famous tourist places. My favorite was the Louvre, a well-known museum. I was always interested in art, so that was a special treat for me. The museum is so huge, you could spend weeks there. Henry got tired walking around the museum and said “Enough! I need to take a break and rest.”<br><br>\r\n\r\nWe took lots of breaks and sat in cafes along the river Seine. The French food we ate was delicious. The wines were tasty, too. Steve’s favorite part of the vacation was the hotel breakfast. He said he would be happy if he could eat croissants like those forever. We had so much fun that we’re already talking about our next vacation!'),
(7, 'sit - նստել', 'What can you learn from Jeremiah’s example of maintaining singleness over many decades?<br><br>Ամուրիությունը պահելու հարցում ինչո՞վ է ուսանելի Երեմիայի օրինակը։', '<b>Going to the Supermarket</b><br><br>\r\nMartha is at the grocery store, getting ready for a house party. She has a list of what she needs with her as she goes along. The first section she comes has produce. Martha sees apples, bananas, cherries, grapes, and strawberries. She checks her list:<br><br>\r\n\r\nMartha gets her items and looks the bananas. They are on sale for much cheaper than they are normally. She picks 3 bananas. Next are vegetables. She sees potatoes, carrots, tomatoes, onions, mushrooms, and salad in bags. She checks her list:'),
(8, 'bring - բերել', '', ''),
(9, 'learn - սովորել', 'She was ready to help him with washing the car.<br><br>Նա պատրաստ էր օգնել նրան մեքենա լվալու հարցում:', '<b>The pet store</b><br><br>\r\nGeorge is at the pet store, looking at what kind of pet he might want to get for his birthday. George asked if he could have a horse, but his parents said no because horses are too big.<br><br>\r\n\r\nFirst, he sees dogs and cats. Baby dogs are called puppies. Baby cats are called kittens. George likes them because they are easy to take care of and can play a lot, but they will get bigger. George wants a small pet.<br><br>\r\n\r\nThen George sees animals that have to live in a cage. He sees rabbits, guinea pigs, and mice. Mice are what you call more than one mouse. He likes these animals because they are small. Birds live in cages too. George sees a parrot and a canary. He likes them all, but he doesn’t want to clean the cage.'),
(10, 'ask - հարցնել', 'If we choose to continue meeting, we could create our own agenda or follow an agenda like this:<br><br>Եթե մենք շարունակելու ենք հավաքվել, ապա պետք է մշակենք մեր օրակարգը, կամ հետեւենք այս օրակարգին.', ''),
(11, 'let - թողնել', 'Does anybody know if the cafeteria is still open?<br><br>Որեւէ մեկը գիտի՞, թե արդյոք ճաշարանը բաց է, թե ոչ:', ''),
(12, 'help - օգնել', 'Tom closed his eyes and pretended to be asleep.<br><br>Թոմը փակեց աչքերը եւ ձեւացավ, որ քնած է:', '<b>The Statue of Liberty</b><br><br>\r\nThe Statue of Liberty, arguably one of New York City’s most iconic symbols, is a popular tourist attraction for first-time visitors to the city. This 150-foot monument was gifted to the United States from France in order to celebrate 100 years of America’s independence. The statue is located on Liberty Island, and it is accessible by taking a ferry from either Battery Park in New York City or Liberty State Park in Jersey City.<br><br>\r\n\r\nWhen Claire visited the Statue of Liberty for the first time, she instantly admired it as a symbol of freedom. Claire made sure to make reservations before her visit because only 240 people are permitted to climb the staircase to the top of the statue every day. After climbing almost 400 stairs, Claire received spectacular views of the city from the statue’s crown.<br><br>\r\n\r\nDuring her visit, Claire learned that the Statue of Liberty was not always the color that it is now. She found out that because the statue’s exterior is made of copper, the statue oxidized over time, giving it the greenish appearance it has in present day. When it was first constructed, the statue was the same color as a shiny penny!'),
(13, 'begin - սկսել', 'I learned the importance of real intent when I was a young seminary student.<br><br>Ես անկեղծ միտումի կարեւորության մասին դաս քաղեցի դեռ այն ժամանակ, երբ սեմինարիայի երիտասարդ ուսանող էի։', ''),
(14, 'turn - շրջել', 'Also posted are the latest news and video clips about our worldwide work, events affecting Jehovah’s Witnesses, and our humanitarian relief efforts.<br><br>Կայքում տեղադրված են թարմ տեղեկություններ եւ տեսանյութեր մեր համաշխարհային գործունեության, Եհովայի վկաներին առնչվող դեպքերի եւ աղետից տուժածներին մարդասիրական օգնություն տրամադրելու աշխատանքների վերաբերյալ։', ''),
(15, 'meet - հանդիպել', 'It\'s easy to say, but it\'s not easy to do.<br><br>Դա հեշտ է ասել, բայց դա հեշտ չէ անել:', ''),
(16, 'change - փոփոխել', 'And actually, in hot weather, I can just grow it outside.<br><br>Իրականում, եթե եղանակը տաք է, ես կարող եմ աճեցնել դրանք դրսում:', ''),
(17, 'open - բաց', 'The first, obviously, is the world\'s free time and talents.<br><br>Առաջինը, ակնհայտորեն, մարդկանց ազատ ժամանակն ու տաղանդն է։', ''),
(18, 'close - փակ', 'The sound of the frozen snow crunching with each step we took confirmed that this was extreme cold.<br><br>Յուրաքանչյուր քայլափոխում չոր ձյան ճռճռացող ձայնը հաստատում էր, որ չափազանց ցուրտ էր։', ''),
(19, 'good - լավ', '', ''),
(20, 'new - նոր', '', ''),
(21, 'young - երիտասարդ', '', ''),
(22, 'old - հին', '', ''),
(23, 'low - ցածր', '', ''),
(24, 'strong - ուժեղ', '', ''),
(25, 'free - անվճար', '', ''),
(26, 'easy - հեշտ', '', ''),
(27, 'small - փոքր', '', ''),
(28, 'wrong - սխալ', '', ''),
(29, 'hot - տաք', '', ''),
(30, 'happy - ուրախ', '', ''),
(31, 'ready - պատրաստ', '', ''),
(32, 'cold - ցուրտ', '', ''),
(33, 'high - բարձր', '', ''),
(34, 'after - հետո', '', ''),
(35, 'always - միշտ', '', ''),
(36, 'never - երբեք', '', ''),
(37, 'also - նաև', '', ''),
(38, 'just - պարզապես', '', ''),
(39, 'only - միայն', '', ''),
(40, 'again - կրկին', '', ''),
(41, 'often - հաճախ', '', ''),
(42, 'still - դեռ', '', ''),
(43, 'already - արդեն', '', ''),
(44, 'almost - գրեթե', '', ''),
(45, 'enough - բավականին', '', ''),
(46, 'very - շատ', '', ''),
(47, 'sometimes - երբեմն', '', ''),
(48, 'now - հիմա', '', ''),
(49, 'then - հետո', '', ''),
(50, 'usually - սովորաբար', '', ''),
(51, 'quickly - արագորեն', '', ''),
(52, 'slowly  - դանդաղորեն', '', ''),
(53, 'well - լավ', '', ''),
(54, 'especially - հատկապես', '', ''),
(55, 'without - առանց', '', ''),
(56, 'before - նախքան', '', ''),
(57, 'down - ներքև', '', ''),
(58, 'along - երկայնքով', '', ''),
(59, 'under - տակ', '', ''),
(60, 'between - միջև', '', ''),
(61, 'up - վերև', '', ''),
(62, 'month - ամիս', '', ''),
(63, 'any - ցանկացած', '', ''),
(64, 'other - այլ', '', '');

-- --------------------------------------------------------

--
-- Структура таблицы `ad`
--

CREATE TABLE `ad` (
  `id` int(11) NOT NULL,
  `link` text NOT NULL,
  `photo` text NOT NULL
) ENGINE=InnoDB DEFAULT CHARSET=utf8;

--
-- Дамп данных таблицы `ad`
--

INSERT INTO `ad` (`id`, `link`, `photo`) VALUES
(1, 'https://www.facebook.com/SyuCompany/', 'Syuz.jpg');

-- --------------------------------------------------------

--
-- Структура таблицы `ant_syn`
--

CREATE TABLE `ant_syn` (
  `id` int(11) NOT NULL,
  `word` varchar(200) NOT NULL,
  `ant` varchar(200) NOT NULL,
  `syn` varchar(200) NOT NULL,
  `page` int(7) NOT NULL
) ENGINE=InnoDB DEFAULT CHARSET=utf8;

--
-- Дамп данных таблицы `ant_syn`
--

INSERT INTO `ant_syn` (`id`, `word`, `ant`, `syn`, `page`) VALUES
(9, 'abate', 'Aggravate', 'Moderate, decrease', 1),
(10, 'adhere', 'Condemn, disjoin', 'Comply, observe', 1),
(11, 'abolish', 'Setup, establish', 'Abrogate, annul', 1),
(12, 'acumen', 'Stupidity, ignorance', 'Awareness, brilliance', 1),
(13, 'abash', 'Uphold, Discompose', 'Disconcert, rattle', 1),
(14, 'absolve', 'Compel, Accuse', 'Pardon, forgive', 1),
(15, 'abjure', 'Approve, Sanction', 'Forsake, renounce', 1),
(16, 'abject', 'Commendable, Praiseworthy', 'Despicable, servile', 1),
(17, 'abound', 'Deficient, Destitute', 'Flourish, proliferate', 1),
(18, 'abortive', 'Productive', 'Vain, unproductive', 1),
(19, 'acrimony', 'Courtesy, Benevolence', 'Harshness, bitterness', 1),
(20, 'accord', 'Discord', 'Agreement, harmony', 1),
(21, 'adjunct', 'Separated, Subtracted', 'Joined, Added', 1),
(22, 'adversity', 'Prosperity, Fortune', 'Misfortune, calamity', 1),
(23, 'adherent', 'Rival, Adversary', 'Follower, disciple', 1),
(24, 'adamant', 'Flexible, Soft', 'Stubborn, inflexible', 1),
(25, 'admonish', 'Approve, Applaud', 'Counsel, reprove', 1),
(26, 'allay', 'Aggravate, Excite', 'Pacify, soothe', 1),
(27, 'alien', 'Native, Resident', 'Foreigner, outsider', 1),
(28, 'ascend', 'Descend, Decline', 'Climb Escalate', 1),
(29, 'alleviate', 'Aggravate, Enhance', 'Abate, relieve', 1),
(30, 'allure', 'Repulse, Repel', 'Entice, fascinate', 1),
(31, 'arraign', 'Exculpate, Pardon', 'Incriminate, indict', 1),
(32, 'amplify', 'Lessen, Contract', 'Augment, deepen', 1),
(33, 'axiom', 'Absurdity, Blunder', 'Adage, truism', 1),
(34, 'audacity', 'Mildness, Cowardice', 'Boldness, Courage', 1),
(35, 'authentic', 'Fictitious, unreal', 'Accurate, credible', 1),
(36, 'awkward', 'Adroit, clever', 'Rude, blundering', 1),
(37, 'barbarous', 'Civilized', 'Frustrate, perplex', 1),
(38, 'bleak', 'Bright, Pleasant', 'Grim, Austere', 1),
(40, 'bewitching', 'Repulsive, Repugnant', 'Alluring, charming', 2),
(41, 'baroque', 'Plain, unadorned', 'Florid, gilt', 2),
(42, 'brittle', 'Tough, Enduring', 'Breakable, crisp', 2),
(43, 'barrier', 'Link, Assistance', 'Barricade, Obstacle', 2),
(44, 'baffle', 'Facilitate, Clarify', 'Astound, Faze', 2),
(45, 'bustle', 'Slowness, Quiet', 'Commotion, Tumult', 2),
(46, 'barren', 'Damp, Fertile', 'Desolate, Sterile', 2),
(47, 'bawdy', 'Decent, Moral', 'Erotic, Coarse', 2),
(48, 'bind', 'Release', 'Predicament', 2),
(49, 'batty', 'Sane', 'Insane, silly', 2),
(50, 'benevolent', 'Malevolent, Miserly', 'Benign, Generous', 2),
(51, 'befogged', 'Clear headed, Uncloud', 'Becloud, Dim', 2),
(52, 'base', 'Summit, Noble', 'Vulgar, Coarse', 2),
(53, 'benign', 'Malignant, Cruel', 'Favorable, friendly', 2),
(54, 'busy', 'Idle, Lazy', 'Active, Engaged', 2),
(55, 'bleak', 'Bright, Cheerful', 'Austere, Blank', 2),
(56, 'bold', 'Timid', 'Adventurous', 2),
(57, 'boisterous', 'Placid, Calm', 'Clamorous, rowdy', 2),
(58, 'blunt', 'Keen, Sharp', 'Dull, Insensitive', 2),
(59, 'callous', 'Compassionate, Tender', 'obdurate, unfeeling', 2),
(60, 'capable', 'Incompetent, Inept', 'competent, able', 2),
(61, 'calamity', 'Fortune', 'adversity, misfortune', 2),
(62, 'calculating', 'Artless, honest', 'Canny, Devious', 2),
(63, 'calumny', 'Commendation, Praise', 'defamation, aspersion', 2),
(64, 'captivity', 'Freedom, Liberty', 'imprisonment, confinement', 2),
(65, 'captivate', 'Disillusion offend', 'Charm, fascinate', 2),
(66, 'chaste', 'Sullied, Lustful', 'virtuous, pure', 2),
(67, 'cease', 'Begin, Originate', 'terminate, desist', 2),
(68, 'compassion', 'Cruelty, Barbarity', 'kindness, sympathy', 2),
(69, 'chastise', 'Cheer, encourage', 'punish, admonish', 2),
(71, 'concede', 'Deny, reject', 'yield, permit', 3),
(72, 'comprise', 'Reject, lack', 'include, contain', 3),
(73, 'consent', 'Object Disagree', 'agree, permit', 3),
(74, 'concur', 'Differ, disagree', 'approve, agree', 3),
(75, 'consolidate', 'Separate, Weaken', 'solidify, strengthen', 3),
(76, 'consequence', 'Origin, Start', 'effect, outcome', 3),
(77, 'contempt', 'Regard, Praise', 'scorn, disregard', 3),
(78, 'conspicuous', 'Concealed, hidden', 'prominent, obvious', 3),
(79, 'contrary', 'Similar, Alike', 'dissimilar, conflicting', 3),
(80, 'contradict', 'Approve, Confirm', 'deny, oppose', 3),
(81, 'callous', 'Kind, merciful', 'Insensitive, indurated', 3),
(82, 'calm', 'Stormy, turbulent', 'Harmonious, unruffled', 3),
(83, 'candid', 'Evasive', 'Blunt, bluff', 3),
(84, 'camouflage', 'Reveal', 'Cloak, disguise', 3),
(85, 'carnal', 'Spiritual', 'Earthly, fleshly', 3),
(86, 'captivate', 'Repel', 'Beguile, bewitch', 3),
(87, 'celebrated', 'Unknown, Inglorious', 'Acclaimed, lionized', 3),
(88, 'catholic', 'Narrow, minded', 'Generic, liberal', 3),
(89, 'censure', 'Praise, Acceptance', 'Rebuke, reprimand', 3),
(90, 'cement', 'Disintegrate', 'Plaster, mortar', 3),
(91, 'clandestine', 'Open, Legal', 'Covert, furtive', 3),
(92, 'cheap', 'Dear, unreasonable', 'Competitive, Inexpensive', 3),
(93, 'coarse', 'Fine, Chaste', 'Bawdy, Boorish', 3),
(94, 'classic', 'Romantic, Unusual', 'Simple, Typical', 3),
(95, 'compact', 'Loose, Diffuse', 'Bunched, thick', 3),
(96, 'comic', 'Tragic, tragedian', 'Clown, Jester', 3),
(97, 'conceit', 'Modesty', 'Egotism, Immodesty', 3),
(98, 'compress', 'Amplify, Expand', 'Abbreviate, Shrink', 3),
(99, 'condemn', 'Approve, Praise', 'Castigate, Chide', 3),
(100, 'concord', 'Discord', 'Agreement, accord', 3),
(102, 'consolidate', 'Weaken', 'Centralize, Fortify', 4),
(103, 'confident', 'Diffident, cowardly', 'Bold, Undaunted', 4),
(104, 'creation', 'Destruction', 'Formation, foundation', 4),
(105, 'courtesy', 'Disdain, Rudeness', 'Generosity, Reverence', 4),
(106, 'cunning', 'Naive, Coarse', 'Acute, Smart', 4),
(107, 'decipher', 'Misinterpret, distort', 'interpret, reveal', 4),
(108, 'decay', 'Flourish, Progress', 'Collapse, decompose', 4),
(109, 'deceit', 'Veracity, Sincerity', 'deception, artifice', 4),
(110, 'defray', 'Disclaim, Repudiate', 'spend, pay', 4),
(111, 'defile', 'Purify, sanctity', 'contaminate, pollute', 4),
(112, 'demolish', 'Repair, construct', 'Ruin, devastate', 4),
(113, 'deliberate', 'Rash, Sudden', 'cautious, intentional', 4),
(114, 'deride', 'Inspire, Encourage', 'mock, taunt', 4),
(115, 'deprive', 'Restore, Renew', 'despoil, divest', 4),
(116, 'dissuade', 'Insite, Persuade', 'Remonstrate, Counsel', 4),
(117, 'disdain', 'Approve, praise', 'detest, despise', 4),
(118, 'dense', 'Sparse, brainy', 'Opaque, piled', 4),
(119, 'denounce', 'Defend', 'Blame, boycott', 4),
(120, 'despair', 'Contentment, Hope', 'Depression, misery', 4),
(121, 'derogatory', 'Laudatory, appreciative', 'Sarcastic, critical', 4),
(122, 'docile', 'Headstrong, obstinate', 'Pliable, pliant', 4),
(123, 'destructive', 'Creative, Constructive', 'Catastrophic, pernicious', 4),
(124, 'dwarf', 'Huge, Giant', 'Diminutive, Petite', 4),
(125, 'eclipse', 'Shine, eclipse', 'Diminution, Dimming', 4),
(126, 'eager', 'Indifferent, apathetic', 'Keen, acquisitive', 4),
(127, 'ecstasy', 'Despair, Calamity', 'delight, exultation', 4),
(128, 'eccentric', 'Natural, Conventional', 'strange, abnormal', 4),
(129, 'encumbrance', 'Incentive, stimulant', 'hindrance, obstacle', 4),
(130, 'efface', 'Retain, Maintain', 'destroy, obliterate', 4),
(131, 'eloquence', 'Halting, Stammering', 'expression, fluency', 4),
(133, 'enormous', 'Diminutive, negligible', 'colossal, mammoth', 5),
(134, 'endeavour', 'Cease, quit', 'undertake, aspire', 5),
(135, 'equivocal', 'Obvious, lucid', 'uncertain, hazy', 5),
(136, 'epitome', 'Increment, expansion', 'precise, example', 5),
(137, 'eradicate', 'Secure, plant', 'destroy, exterminate', 5),
(138, 'fallacy', 'Veracity, Truth', 'delusion, mistake', 5),
(139, 'fabricate', 'Destroy, Dismantle', 'construct, produce', 5),
(140, 'fanatical', 'biased	Liberal, Tolerant', 'narrow-minded,', 5),
(141, 'falter', 'Persist, Endure', 'stumble, demur', 5),
(142, 'ferocious', 'Gentle, Sympathetic', 'cruel, fierce', 5),
(143, 'feeble', 'Strong, Robust', 'weak, frail', 5),
(144, 'fluctuate', 'Stabilize, resolve', 'deflect, vacillate', 5),
(145, 'feud', 'Harmony, fraternity', 'strife, quarrel', 5),
(146, 'fragile', 'Enduring, Tough', 'weak, infirm', 5),
(147, 'forsake', 'Hold, maintain', 'desert, renounce', 5),
(148, 'frivolous', 'Solemn, significant', 'petty, worthless', 5),
(149, 'frantic', 'Subdued, gentle', 'violent, agitated', 5),
(150, 'frugality', 'Lavishness, extravagance', 'economy, providence', 5),
(151, 'gloom', 'Delight, mirth', 'obscurity, darkness', 5),
(152, 'gather', 'Disperse, Dissemble', 'Converge, huddle', 5),
(153, 'gorgeous', 'Dull, unpretentious', 'magnificent, dazzling', 5),
(154, 'glut', 'Starve, abstain', 'stuff, satiate', 5),
(155, 'grisly', 'Pleasing, attractive', 'disgusting, atrocious', 5),
(156, 'gracious', 'Rude, Unforgiving', 'courteous, beneficent', 5),
(157, 'guile', 'Honesty, frankness', 'cunning, deceit', 5),
(158, 'grudge', 'Benevolence, Affection', 'hatred, aversion', 5),
(159, 'genuine', 'Spurious', 'Absolute, Factual', 5),
(160, 'generosity', 'Stinginess, greed', 'Altruism, bounty', 5),
(161, 'glory', 'Shame, Disgrace', 'Dignity, renown', 5),
(162, 'gloomy', 'Gay, Bright', 'Bleak, cloudy', 5),
(164, 'harass', 'Assist, comfort', 'irritate, molest', 6),
(165, 'hamper', 'Promote, facilitate', 'retard, prevent', 6),
(166, 'hazard', 'Conviction, security', 'Peril, danger', 6),
(167, 'hapless', 'Fortunate, Lucky', 'unfortunate, ill-fated', 6),
(168, 'haughty', 'Humble, Submissive', 'arrogant, pompous', 6),
(169, 'hideous', 'Attractive, alluring', 'frightful, shocking', 6),
(170, 'heretic', 'Conformable, religious', 'non-conformist, secularist', 6),
(171, 'harmony', 'Discord, discord', 'Conformity, Amicability', 6),
(172, 'hamstrung', 'Strengthen, Encourage', 'Cripple Debilitate', 6),
(173, 'honor', 'Denunciation, Shame', 'Adoration, Reverence', 6),
(174, 'hasty', 'Leisurely, Cautious', 'Abrupt, Impetuous', 6),
(175, 'humility', 'Boldness, Pride', 'Resignation, Fawning', 6),
(176, 'humble', 'Proud, Assertive', 'Meek, Timid', 6),
(177, 'impenitent', 'Repentant', 'Uncontrite, Obdurate', 6),
(178, 'hypocrisy', 'Sincerity, frankness', 'Deception, Pharisaism', 6),
(179, 'indifferent', 'Partial, Biased', 'Equitable, Haughty', 6),
(180, 'impulsive', 'Cautious, Deliberate', 'Flaky, Impetuous', 6),
(181, 'infernal', 'Heavenly,', 'Damned, Accursed', 6),
(182, 'indigent', 'Rich, Affluent', 'Destitute, Impoverished', 6),
(183, 'interesting', 'Dull, Uninteresting', 'Enchanting, Riveting', 6),
(184, 'insipid', 'Pleasing, appetizing', 'Tedious, Prosaic', 6),
(185, 'immense', 'Puny, Insignificant', 'huge, enormous', 6),
(186, 'immaculate', 'Defiled, Tarnished', 'unsullied, spotless', 6),
(187, 'imminent', 'Distant, Receding', 'impending, brewing', 6),
(188, 'immerse', 'Emerge, uncover', 'submerge, involve', 6),
(189, 'impair', 'Restore, Revive', 'diminish, deteriorate', 6),
(190, 'immunity', 'Blame, Censure', 'prerogative, privilege', 6),
(191, 'impediment', 'Assistant, Concurrence', 'hurdle, obstruction', 6),
(192, 'impartial', 'Prejudiced, Biased', 'just, unbiased', 6),
(193, 'impute', 'Exculpate, support', 'attribute, ascribe', 6),
(195, 'impious', 'Pious, Devout', 'irreligious, unholy', 7),
(196, 'incompetent', 'Dexterous, Skilled', 'inefficient, unskilled', 7),
(197, 'inclination', 'Indifference, Disinclination', 'disposition, affection', 7),
(198, 'inevitable', 'Unlikely, Doubtful', 'unavoidable, ascertained', 7),
(199, 'incongruous', 'Compatible, harmonious', 'inappropriate, absurd', 7),
(200, 'ingenuous', 'Wily, Craftly', 'undisguised, naive', 7),
(201, 'infringe', 'Comply, Concur', 'violate, encroach', 7),
(202, 'insipid', 'Delicious, luscious', 'tasteless, vapid', 7),
(203, 'insinuate', 'Conceal, Camouflage', 'allude, hint', 7),
(204, 'instill', 'Eradicate, extract', 'inculcate, inject', 7),
(205, 'insolvent', 'Wealthy, solvent', 'indigent, destitute', 7),
(206, 'intrigue', 'Candor, Sincerity', 'scheme, conspiracy', 7),
(207, 'intricate', 'Regulated, Orderly', 'tangled, complicated', 7),
(208, 'invective', 'Approval, acclamation', 'accusation, censure', 7),
(209, 'intrinsic', 'Extraneous, incidental', 'genuine, fundamental', 7),
(210, 'immaculate', 'Defiled, Tarnished', 'Exquisite, Impeccable', 7),
(211, 'invincible', 'Effeminate, languid', 'unconquerable, impregnable', 7),
(212, 'irrepressible', 'Composed, hesitant', 'irresistible, unconfined', 7),
(213, 'jejune', 'Interesting, exciting', 'dull, boring', 7),
(214, 'jaded', 'Renewed, recreated', 'tired, exhausted', 7),
(215, 'jubilant', 'Melancholy, depressing', 'rejoicing, triumphant', 7),
(216, 'jovial', 'Solemn, morose', 'frolicsome, cheerful', 7),
(217, 'just', 'Unequal, unfair', 'honest, impartial', 7),
(218, 'judicious', 'Irrational, foolish', 'thoughtful, prudent', 7),
(219, 'juvenile', 'Dotage, antiquated', 'young, tender', 7),
(220, 'justify', 'Impute, arraign', 'defend, exculpate', 7),
(221, 'knave', 'Paragon, innocent', 'dishonest, scoundrel', 7),
(222, 'knotty', 'Simple, manageable', 'complicated difficult', 7),
(223, 'kindred', 'Unrelated, dissimilar', 'relation, species', 7),
(224, 'keen', 'Vapid, insipid', 'sharp, poignant', 7),
(226, 'knell', 'Reconstruction, rediscovery', 'death knell, last blow', 8),
(227, 'lax', 'Firm, reliable', 'slack, careless', 8),
(228, 'lavish', 'Scarce, deficient', 'abundant, excessive', 8),
(229, 'liable', 'Unaccountable, apt to', 'accountable, bound', 8),
(230, 'lenient', 'Cruel, severe', 'compassionate, merciful', 8),
(231, 'lucid', 'Obscure, hidden', 'sound, rational', 8),
(232, 'lure', 'Repel, dissuade', 'attract, entice', 8),
(233, 'linger', 'Hasten, quicken', 'loiter, prolong', 8),
(234, 'liberal', 'Stingy, malicious', 'magnanimous, generous', 8),
(235, 'lunacy', 'Normalcy, sanity', 'delusion, insanity', 8),
(236, 'luxuriant', 'Scanty, meagre', 'profuse, abundant', 8),
(237, 'luscious', 'Unsavory, tart', 'palatable, delicious', 8),
(238, 'languid', 'Energetic, spirited', 'Sluggish, apathetic', 8),
(239, 'mandatory', 'Optional', 'Imperative, requisite', 8),
(240, 'malice', 'Goodwill, Kindness', 'Vengefulness, grudge', 8),
(241, 'merit', 'Demerit, dishonor', 'Stature, Asset', 8),
(242, 'masculine', 'Feminine, meek', 'Gallant, strapping', 8),
(243, 'mitigate', 'Augment enhance', 'alleviate, relieve', 8),
(244, 'miraculous', 'Ordinary, trivial', 'marvelous, extraordinary', 8),
(245, 'molest', 'Console, soothe', 'harass, tease', 8),
(246, 'modest', 'Arrogant, pompous', 'humble, courteous', 8),
(247, 'momentous', 'Trivial, insignificant', 'notable, eventful', 8),
(248, 'mollify', 'Irritate, infuriate', 'appease, assuage', 8),
(249, 'morbid', 'Healthy, Cheerful', 'Nasty, Macabre', 8),
(250, 'monotonous', 'Varied, pleasant', 'irksome, tedious', 8),
(251, 'murky', 'Bright, shining', 'dusky, dreary', 8),
(252, 'munificent', 'Frugal, penurious', 'liberal, hospitable', 8),
(253, 'mutual', 'Separate, distinct', 'joint, identical', 8),
(254, 'mutinous', 'Submissive, faithful', 'recalcitrant, insurgent', 8),
(255, 'nimble', 'Sluggish, languid', 'prompt, brisk', 8),
(257, 'niggardly', 'Generous, profuse', 'miser, covetous', 9),
(258, 'noxious', 'Healing, profitable', 'baneful, injurious', 9),
(259, 'notion', 'Reality, Concrete', 'Conceit, Apprehension', 9),
(260, 'novice', 'Veteran, ingenious', 'tyro, beginner', 9),
(261, 'nonchalant', 'Attentive, considerate', 'indifferent, negligent', 9),
(262, 'nullify', 'Confirm, Uphold', 'cancel, annual', 9),
(263, 'numerous', 'Scarce, deficient', 'profuse, various', 9),
(264, 'obliging', 'Mulish, Obstinate', 'Complaisant, Willing', 9),
(265, 'obstruct', 'Hasten, encourage', 'impede, prevent', 9),
(266, 'obstinate', 'Pliable, flexible', 'Stubborn, Adamant', 9),
(267, 'obscure', 'Prominent', 'Arcane, Vague', 9),
(268, 'obvious', 'Obscure, ambiguous', 'Evident, apparent', 9),
(269, 'obtain', 'Forfeit', 'Access, Inherit', 9),
(270, 'offensive', 'Engaging, fascinating', 'Abhorrent, obnoxious', 9),
(271, 'odious', 'Engaging, fascinating', 'Malevolent, obnoxious', 9),
(272, 'offspring', 'Ancestor, forefather', 'descendant, sibling', 9),
(273, 'occult', 'Intelligible, transparent', 'latent, ambiguous', 9),
(274, 'opaque', 'Transparent, bright', 'obscure, shady', 9),
(275, 'ominous', 'Auspicious', 'Menacing, Foreboding', 9),
(276, 'oracular', 'Lucid, distinct', 'cryptic, vague', 9),
(277, 'optimist', 'Pessimist', 'Idealist', 9),
(278, 'ornamental', 'Unseemly, plain', 'decorative, adorned', 9),
(279, 'ordain', 'Revoke abolish', 'Order, impose', 9),
(280, 'outrage', 'Praise, favour', 'offence, maltreatment', 9),
(281, 'outbreak', 'Compliance, subjection', 'eruption, insurrection', 9),
(282, 'persuade', 'Dissuade, halt', 'Cajole, Impress', 9),
(283, 'pacify', 'Irritate, worsen', 'Appease, Chasten', 9),
(284, 'propagate', 'Suppress, deplete', 'Inseminate, fecundate', 9),
(285, 'perturbed', 'Calm', 'Flustered, anxious', 9),
(286, 'prompt', 'Slow, Negligent', 'Precise, Punctual', 9),
(288, 'progress', 'Retrogress, worsening', 'Pace, Betterment', 10),
(289, 'pamper', 'Deny, disparage', 'Flatter, indulge', 10),
(290, 'prudence', 'Indiscretion', 'Vigilance, Discretion', 10),
(291, 'peerless', 'Mediocre, commonplace', 'matchless, unrivalled', 10),
(292, 'paramount', 'Trivial, inferior', 'foremost, eminent', 10),
(293, 'pertness', 'Modesty, diffidence', 'flippancy, impudence', 10),
(294, 'peevish', 'Suave, amiable', 'perverse, sullen', 10),
(295, 'placid', 'Turbulent, hostile', 'tranquil, calm', 10),
(296, 'perverse', 'Complacent, docile', 'petulant, obstinate', 10),
(297, 'precarious', 'Assured', 'doubtful, insecure', 10),
(298, 'pompous', 'Unpretentious, humble', 'haughty, arrogant', 10),
(299, 'predicament', 'Resolution, confidence', 'plight, dilemma', 10),
(300, 'quaint', 'Familiar, usual', 'Queer, strange', 10),
(301, 'quack', 'Upright, unfeigned', 'Impostor, deceiver', 10),
(302, 'quell', 'Exacerbate, agitate', 'subdue, reduce', 10),
(303, 'quarantine', 'Befriend, socialize', 'seclude, screen', 10),
(304, 'quibble', 'Unfeigned, plain', 'equivocate, prevaricate', 10),
(305, 'rapidity', 'Inertia, lanquidity', 'Quickness, Velocity', 10),
(306, 'raid', 'Retreat, release', 'Incursion, Foray', 10),
(307, 'rebellious', 'Submissive, Compliant', 'Restless, attacking', 10),
(308, 'reason', 'Folly, Speculation', 'Acumen, Bounds', 10),
(309, 'reluctant', 'anxious, Eager', 'Cautious, Averse', 10),
(310, 'rectify', 'Falsify, Worsen', 'Amend, Remedy', 10),
(311, 'ravage', 'Reconstruct, renovate', 'Destroy, ruin', 10),
(312, 'remnant', 'Entire, whole', 'Residue, piece', 10),
(313, 'ratify', 'Deny, dissent', 'consent, approve', 10),
(314, 'restrain', 'Incite', 'Detain, Confine', 10),
(315, 'redeem', 'Conserve lose', 'Recover, liberate', 10),
(316, 'remorse', 'Ruthlessness, obduracy', 'Regret, penitence', 10),
(317, 'remonstrate', 'Agree, loud', 'Censure, protest', 10),
(319, 'resentment', 'Content, Cheer', 'Displeasure, wrath', 11),
(320, 'rescind', 'Delegate, permit', 'Annul, abrogate', 11),
(321, 'reverence', 'Disrespect, affront', 'Respect, esteem', 11),
(322, 'retract', 'Confirm, assert', 'Recant, withdraw', 11),
(323, 'rustic', 'Cultured, Refined', 'Rural, uncivilized', 11),
(324, 'rout', 'Succumb, withdraw', 'Vanquish, overthrow', 11),
(325, 'ruthless', 'Compassionate, lenient', 'Remorseless, inhumane', 11),
(326, 'savage', 'Polished, Civilized', 'Wild, untamed', 11),
(327, 'sacred', 'Ungodly, Profane', 'Cherish, Divine', 11),
(328, 'steep', 'Flat, gradual', 'Course, lofty', 11),
(329, 'startled', 'Waveringly', 'Frightened, Shocked', 11),
(330, 'sublime', 'Ridiculous', 'Magnificent, eminent', 11),
(331, 'stranger', 'Acquaintance, national', 'Immigrant, guest', 11),
(332, 'sympathy', 'Antipathy, Discord', 'Tenderness, harmony', 11),
(333, 'succinct', 'Lengthy, polite', 'Concise, Terse', 11),
(334, 'sarcastic', 'Courteous, gracious', 'Ironical, derisive', 11),
(335, 'system', 'Chaos, Disorder', 'Scheme, Entity', 11),
(336, 'shrewd', 'Simple, imbecile', 'Cunning, craftly', 11),
(337, 'saucy', 'Modest, humble', 'Impudent, insolent', 11),
(338, 'servile', 'Aggressive, Dominant', 'Slavish, Docile', 11),
(339, 'scanty', 'Lavish, multitude', 'scarce, insufficient', 11),
(340, 'slander', 'Applaud, approve', 'defame, malign', 11),
(341, 'shabby', 'Prosperous, thriving', 'miserable, impoverished', 11),
(342, 'solicit', 'Protest oppose', 'entreat, implore', 11),
(343, 'sneer', 'Flatter, praise', 'mock, scorn', 11),
(344, 'stain', 'Honor, purify', 'blemish, tarnish', 11),
(345, 'subterfuge', 'Frankness, Openness', 'Deceit, Stratagem', 11),
(346, 'sporadic', 'Incessant, frequent', 'intermittent, scattered', 11),
(347, 'spurious', 'Genuine, Authentic', 'Fake, Counterfeit', 11),
(348, 'squalid', 'Tidy, Attractive', 'dirty, filthy', 11),
(350, 'spry', 'Lethargic, Sluggish', 'Nimble, Brisk', 12),
(351, 'sterile', 'Profitable, Potent', 'Barren, Impotent', 12),
(352, 'successful', 'Destitute, Untoward', 'Propitious, Felicitous', 12),
(353, 'subsequent', 'Preceding, previous', 'consequent, following', 12),
(354, 'stupor', 'Sensibility, Consciousness', 'lethargy, unconsciousness', 12),
(355, 'subvert', 'Generate, organize', 'Demolish, sabotage', 12),
(356, 'substantial', 'Tenuous, fragile', 'Considerable, solid', 12),
(357, 'sycophant', 'Devoted, loyal', 'Parasite, flatterer', 12),
(358, 'superficial', 'Profound, discerning', 'Partial, shallow', 12),
(359, 'taciturn', 'Talkative, extrovert', 'Reserved, silent', 12),
(360, 'taboo', 'Permit, consent', 'Prohibit, ban', 12),
(361, 'temperate', 'Boisterous, violent', 'Cool, moderate', 12),
(362, 'tedious', 'Exhilarating, lively', 'Wearisome, Irksome', 12),
(363, 'tenacious', 'Docile, non-resinous', 'Stubborn, Dodge', 12),
(364, 'tenement', 'Breakeven, dislodge', 'Apartment, Digs', 12),
(365, 'timid', 'Bold, intrepid', 'Diffident, coward', 12),
(366, 'throng', 'Dispersion, sparsity', 'Assembly, crowd', 12),
(367, 'transient', 'Lasting, enduring', 'Temporal, transitory', 12),
(368, 'tranquil', 'Violent, furious', 'Peaceful, composed', 12),
(369, 'treacherous', 'Forthright, reliable', 'Dishonest, duplicitous', 12),
(370, 'trenchant', 'Feeble, ambiguous', 'Assertive, forceful', 12),
(371, 'tumultuous', 'Peaceful, harmonious', 'Violent, riotous', 12),
(372, 'trivial', 'Significant, veteran', 'Trifling, insignificant', 12),
(373, 'tame', 'Wild, untamed', 'Compliant, Subdued', 12),
(374, 'tyro', 'Proficient, veteran', 'Beginner, riotous', 12),
(375, 'thick', 'Thin, attenuated', 'Chunky, massive', 12),
(376, 'terse', 'Diffuse, Gentle', 'Incisive, Compact', 12),
(377, 'tranquil', 'Agitated, Fierce', 'Amicable, Calm', 12),
(378, 'thrifty', 'Extravagant', 'Frugal, prudent', 12),
(379, 'tremble', 'Steady', 'Vibrate', 12),
(381, 'transparent', 'Opaque', 'Diaphanous', 13),
(382, 'utterly', 'Deficiently, incomplete', 'Completely, entirely', 13),
(383, 'uncouth', 'Elegant, Compensate', 'Awkward, ungraceful', 13),
(384, 'uncouth', 'Elegant, Compensate', 'Boorish, Clownish', 13),
(385, 'umbrage', 'Sympathy, goodwill', 'Chagrin, offense', 13),
(386, 'urge', 'Abhorrence, Abomination', 'Incite, Implore', 13),
(387, 'urchin', 'Creep, Knave', 'Foundling, Orphan', 13),
(388, 'vagrant', 'Steady, settled', 'Wander, roaming', 13),
(389, 'vain', 'Modest', 'Arrogant, egoistic', 13),
(390, 'vanity', 'Modesty, Humility', 'Conceit, pretension', 13),
(391, 'valor', 'Fear, cowardice', 'Bravery, prowess', 13),
(392, 'venom', 'Antidote, Benevolent', 'Poison, malevolence', 13),
(393, 'venerable', 'Unworthy, immature', 'Esteemed, honored', 13),
(394, 'vicious', 'Noble, Virtuous', 'Corrupt, obnoxious', 13),
(395, 'veteran', 'Novice, tyro', 'Ingenious, experienced', 13),
(396, 'vivacious', 'Dispirited, Unattractive', 'Spirited, Energetic', 13),
(397, 'vigilant', 'Careless, negligent', 'Cautious, alert', 13),
(398, 'vouch', 'Repudiate, prohibit', 'Confirm, consent', 13),
(399, 'vilify', 'Cherish, Commend', 'Malign, Slur, Defame', 13),
(400, 'vivid', 'Dull, Dim', 'Eloquent, lucid', 13),
(401, 'virtue', 'Vice, dishonesty', 'Ethic, morality', 13),
(402, 'wan', 'Bright, healthy', 'Pale, faded', 13),
(403, 'waive', 'Impose, Clamp', 'Relinquish, remove', 13),
(404, 'wary', 'Heedless, negligent', 'cautious, circumspect', 13),
(405, 'wane', 'Ameliorate, Rise', 'Decline, Dwindle', 13),
(406, 'wicked', 'Virtuous, Noble', 'vicious, immoral', 13),
(407, 'wed', 'Divorce, Separate', 'marry, combine', 13),
(408, 'wile', 'Naivety, honor', 'Trickery, Artifice', 13),
(409, 'wield', 'Forgo, avoid', 'Exert, employ', 13),
(410, 'wilt', 'Revive, bloom', 'wither, perish', 13),
(412, 'winsome', 'Alluring, Rapturous', 'Beautiful, Comely', 14),
(413, 'yield', 'Resist, protest', 'surrender, abdicate', 14),
(414, 'yell', 'Whisper muted', 'shout, shriek', 14),
(415, 'yoke', 'Liberate, Release', 'connect, harness', 14),
(416, 'yearn', 'Content, satisfy', 'languish, crave', 14),
(417, 'zenith', 'Nadir, base', 'summit, apex', 14),
(418, 'zeal', 'Apathy, lethargy', 'eagerness, fervor', 14),
(419, 'zig-zag', 'Straight, unbent', 'oblique, wayward', 14),
(420, 'zest', 'Disgust, passive', 'delight, enthusiasm', 14);

-- --------------------------------------------------------

--
-- Структура таблицы `b1`
--

CREATE TABLE `b1` (
  `id` int(11) NOT NULL,
  `word` text NOT NULL,
  `sentence` text NOT NULL,
  `text` text NOT NULL
) ENGINE=InnoDB DEFAULT CHARSET=utf8;

--
-- Дамп данных таблицы `b1`
--

INSERT INTO `b1` (`id`, `word`, `sentence`, `text`) VALUES
(5, 'ship - նավ', '', ''),
(6, 'wind - քամի', 'When we returned, I was shocked at the big difference!<br><br>Երբ մենք վերադարձանք, ես զարմացած էի մնացել մեծ տարբերությունից։', '<b>A great summer vacation</b><br><br>\r\nI just returned from the greatest summer vacation! It was so fantastic, I never wanted it to end. I spent eight days in Paris, France. My best friends, Henry and Steve, went with me. We had a beautiful hotel room in the Latin Quarter, and it wasn’t even expensive. We had a balcony with a wonderful view.<br><br>\r\n\r\nWe visited many famous tourist places. My favorite was the Louvre, a well-known museum. I was always interested in art, so that was a special treat for me. The museum is so huge, you could spend weeks there. Henry got tired walking around the museum and said “Enough! I need to take a break and rest.”<br><br>\r\n\r\nWe took lots of breaks and sat in cafes along the river Seine. The French food we ate was delicious. The wines were tasty, too. Steve’s favorite part of the vacation was the hotel breakfast. He said he would be happy if he could eat croissants like those forever. We had so much fun that we’re already talking about our next vacation!'),
(7, 'short - կարճ', 'My bed just pops out of the wall with two fingers.<br><br>Իմ անկողինը երկու մատի շարժումով դուրս է գալիս պատի միջից։', '<b>Going to the Supermarket</b><br><br>\r\nMartha is at the grocery store, getting ready for a house party. She has a list of what she needs with her as she goes along. The first section she comes has produce. Martha sees apples, bananas, cherries, grapes, and strawberries. She checks her list:<br><br>\r\n\r\nMartha gets her items and looks the bananas. They are on sale for much cheaper than they are normally. She picks 3 bananas. Next are vegetables. She sees potatoes, carrots, tomatoes, onions, mushrooms, and salad in bags. She checks her list:'),
(8, 'area - տարածք', 'Tom added his own name to the list of people who wanted to take part in the dance.<br><br>Թոմը ավելացրեց իր սեփական անունը այն մարդկանց ցուցակում, որոնք ուզում էին մասնակցել պարին:', ''),
(9, 'rock - քար', '', '<b>The pet store</b><br><br>\r\nGeorge is at the pet store, looking at what kind of pet he might want to get for his birthday. George asked if he could have a horse, but his parents said no because horses are too big.<br><br>\r\n\r\nFirst, he sees dogs and cats. Baby dogs are called puppies. Baby cats are called kittens. George likes them because they are easy to take care of and can play a lot, but they will get bigger. George wants a small pet.<br><br>\r\n\r\nThen George sees animals that have to live in a cage. He sees rabbits, guinea pigs, and mice. Mice are what you call more than one mouse. He likes these animals because they are small. Birds live in cages too. George sees a parrot and a canary. He likes them all, but he doesn’t want to clean the cage.'),
(10, 'problem - խնդիր', 'It kills genuine, tender human relationships—destroying marriages and families.<br><br>Այն սպանում է անկեղծ, քնքուշ մարդկային հարաբերությունները՝ կործանելով ամուսնությունները եւ ընտանիքները։', ''),
(11, 'piece - կտոր', 'Also posted are the latest news and video clips about our worldwide work, events affecting Jehovah’s Witnesses, and our humanitarian relief efforts.<br><br>Կայքում տեղադրված են թարմ տեղեկություններ եւ տեսանյութեր մեր համաշխարհային գործունեության, Եհովայի վկաներին առնչվող դեպքերի եւ աղետից տուժածներին մարդասիրական օգնություն տրամադրելու աշխատանքների վերաբերյալ։', ''),
(12, 'pass - անցնել', 'Running as fast as I could, I was able to catch up with my friend.<br><br>Վազելով այնքան արագ, որքան կարող էի՝ ես կարողացա բռնել իմ ընկերոջը:', '<b>The Statue of Liberty</b><br><br>\r\nThe Statue of Liberty, arguably one of New York City’s most iconic symbols, is a popular tourist attraction for first-time visitors to the city. This 150-foot monument was gifted to the United States from France in order to celebrate 100 years of America’s independence. The statue is located on Liberty Island, and it is accessible by taking a ferry from either Battery Park in New York City or Liberty State Park in Jersey City.<br><br>\r\n\r\nWhen Claire visited the Statue of Liberty for the first time, she instantly admired it as a symbol of freedom. Claire made sure to make reservations before her visit because only 240 people are permitted to climb the staircase to the top of the statue every day. After climbing almost 400 stairs, Claire received spectacular views of the city from the statue’s crown.<br><br>\r\n\r\nDuring her visit, Claire learned that the Statue of Liberty was not always the color that it is now. She found out that because the statue’s exterior is made of copper, the statue oxidized over time, giving it the greenish appearance it has in present day. When it was first constructed, the statue was the same color as a shiny penny!'),
(13, 'top - գագաթ', 'According to my experience, it takes one year to master French grammar.<br><br>Ըստ իմ փորձի, ֆրանսերենի քերականությանը տիրապետելու համար մեկ տարի է պահանջվում:', ''),
(14, 'street - փողոց', 'The new subway enables me to get to school in 20 minutes.<br><br>Նոր մետրոն ինձ հնարավորություն է տալիս դպրոց հասնել 20 րոպեում:', ''),
(15, 'direct - ուղիղ', 'When I was a child, my mother made me eat green vegetables every day.<br><br>Երբ ես երեխա էի, մայրս ինձ ստիպում էր ամեն օր կանաչեղեն ուտել:', ''),
(16, 'soon - շուտով', 'The chairs are under the tree.<br><br>Աթոռները ծառի տակ են:', ''),
(17, 'product - ապրանք', 'Their decision and baptism carried with them a high price.<br><br>Իրենց որոշման ու մկրտության համար նրանք թանկ գին վճարեցին։', ''),
(18, 'nothing - ոչինչ', '', ''),
(19, 'stay - մնալ', '', ''),
(20, 'wheel - անիվ', 'What results when we imitate Jehovah’s example of showing love?<br><br>Ի՞նչ օգուտներ ենք ստանում, երբ սեր դրսեւորելիս հետեւում ենք Եհովայի օրինակին։', ''),
(21, 'force - ուժ', '', ''),
(22, 'full - լրիվ', 'Tom can go hear Mary sing at that club whenever he wants to.<br><br>Թոմը կարող է ցանկացած պահի գնալ ակումբ Մերիի երգելը լսելու:', ''),
(23, 'object - օբյեկտ', '', ''),
(24, 'decide - որոշել', 'In fact, the only way we can lose the race is by finally giving in or giving up.<br><br>Իրականում, պարտությունը մեր մրցավազքում կարող է լինել միայն այն դեպքում, երբ մենք ի վերջո հանձնվենք կամ հուսահատվենք։', ''),
(25, 'press - սեղմել', 'Thus, it is not inherently wrong to use oft repeated words or phrases when praying.<br><br>Այսպիսով, ըստ էության, աղոթելիս սխալ չէ հաճախակի օգտագործել կրկնվող բառեր կամ արտահայտություններ։', ''),
(26, 'body - մարմին', '', ''),
(27, 'boat - նավակ', '', ''),
(28, 'common - ընդհանուր', '', ''),
(29, 'dry - չոր', '', ''),
(30, 'check - ստուգել', '', ''),
(31, 'thousand - հազար', '', ''),
(32, 'heat - ջերմություն', '', ''),
(33, 'distant - հեռավոր', '', ''),
(34, 'town - քաղաք', '', '');

-- --------------------------------------------------------

--
-- Структура таблицы `b2`
--

CREATE TABLE `b2` (
  `id` int(11) NOT NULL,
  `word` text NOT NULL,
  `sentence` text NOT NULL,
  `text` text NOT NULL
) ENGINE=InnoDB DEFAULT CHARSET=utf8;

--
-- Дамп данных таблицы `b2`
--

INSERT INTO `b2` (`id`, `word`, `sentence`, `text`) VALUES
(1, 'certain - որոշակի', '', ''),
(2, 'correct - ճիշտ', '', ''),
(3, 'jewellery - զարդ', '', ''),
(4, 'oil - յուղ', '', ''),
(5, 'wire - մետաղալար', '', ''),
(6, 'fair - արդար', 'When we returned, I was shocked at the big difference!<br><br>Երբ մենք վերադարձանք, ես զարմացած էի մնացել մեծ տարբերությունից։', '<b>A great summer vacation</b><br><br>\r\nI just returned from the greatest summer vacation! It was so fantastic, I never wanted it to end. I spent eight days in Paris, France. My best friends, Henry and Steve, went with me. We had a beautiful hotel room in the Latin Quarter, and it wasn’t even expensive. We had a balcony with a wonderful view.<br><br>\r\n\r\nWe visited many famous tourist places. My favorite was the Louvre, a well-known museum. I was always interested in art, so that was a special treat for me. The museum is so huge, you could spend weeks there. Henry got tired walking around the museum and said “Enough! I need to take a break and rest.”<br><br>\r\n\r\nWe took lots of breaks and sat in cafes along the river Seine. The French food we ate was delicious. The wines were tasty, too. Steve’s favorite part of the vacation was the hotel breakfast. He said he would be happy if he could eat croissants like those forever. We had so much fun that we’re already talking about our next vacation!'),
(7, 'consonant - բաղաձայն', 'My bed just pops out of the wall with two fingers.<br><br>Իմ անկողինը երկու մատի շարժումով դուրս է գալիս պատի միջից։', '<b>Going to the Supermarket</b><br><br>\r\nMartha is at the grocery store, getting ready for a house party. She has a list of what she needs with her as she goes along. The first section she comes has produce. Martha sees apples, bananas, cherries, grapes, and strawberries. She checks her list:<br><br>\r\n\r\nMartha gets her items and looks the bananas. They are on sale for much cheaper than they are normally. She picks 3 bananas. Next are vegetables. She sees potatoes, carrots, tomatoes, onions, mushrooms, and salad in bags. She checks her list:'),
(8, 'climb - բարձրանալ', 'Tom added his own name to the list of people who wanted to take part in the dance.<br><br>Թոմը ավելացրեց իր սեփական անունը այն մարդկանց ցուցակում, որոնք ուզում էին մասնակցել պարին:', ''),
(9, 'iron - երկաթ', '', '<b>The pet store</b><br><br>\r\nGeorge is at the pet store, looking at what kind of pet he might want to get for his birthday. George asked if he could have a horse, but his parents said no because horses are too big.<br><br>\r\n\r\nFirst, he sees dogs and cats. Baby dogs are called puppies. Baby cats are called kittens. George likes them because they are easy to take care of and can play a lot, but they will get bigger. George wants a small pet.<br><br>\r\n\r\nThen George sees animals that have to live in a cage. He sees rabbits, guinea pigs, and mice. Mice are what you call more than one mouse. He likes these animals because they are small. Birds live in cages too. George sees a parrot and a canary. He likes them all, but he doesn’t want to clean the cage.'),
(10, 'stick - փայտ', 'It kills genuine, tender human relationships—destroying marriages and families.<br><br>Այն սպանում է անկեղծ, քնքուշ մարդկային հարաբերությունները՝ կործանելով ամուսնությունները եւ ընտանիքները։', ''),
(11, 'crease - ծալել', 'Also posted are the latest news and video clips about our worldwide work, events affecting Jehovah’s Witnesses, and our humanitarian relief efforts.<br><br>Կայքում տեղադրված են թարմ տեղեկություններ եւ տեսանյութեր մեր համաշխարհային գործունեության, Եհովայի վկաներին առնչվող դեպքերի եւ աղետից տուժածներին մարդասիրական օգնություն տրամադրելու աշխատանքների վերաբերյալ։', ''),
(12, 'century - դար', 'Running as fast as I could, I was able to catch up with my friend.<br><br>Վազելով այնքան արագ, որքան կարող էի՝ ես կարողացա բռնել իմ ընկերոջը:', '<b>The Statue of Liberty</b><br><br>\r\nThe Statue of Liberty, arguably one of New York City’s most iconic symbols, is a popular tourist attraction for first-time visitors to the city. This 150-foot monument was gifted to the United States from France in order to celebrate 100 years of America’s independence. The statue is located on Liberty Island, and it is accessible by taking a ferry from either Battery Park in New York City or Liberty State Park in Jersey City.<br><br>\r\n\r\nWhen Claire visited the Statue of Liberty for the first time, she instantly admired it as a symbol of freedom. Claire made sure to make reservations before her visit because only 240 people are permitted to climb the staircase to the top of the statue every day. After climbing almost 400 stairs, Claire received spectacular views of the city from the statue’s crown.<br><br>\r\n\r\nDuring her visit, Claire learned that the Statue of Liberty was not always the color that it is now. She found out that because the statue’s exterior is made of copper, the statue oxidized over time, giving it the greenish appearance it has in present day. When it was first constructed, the statue was the same color as a shiny penny!'),
(13, 'consider - դիտարկել', 'According to my experience, it takes one year to master French grammar.<br><br>Ըստ իմ փորձի, ֆրանսերենի քերականությանը տիրապետելու համար մեկ տարի է պահանջվում:', ''),
(14, 'phrase - արտահայտություն', 'The new subway enables me to get to school in 20 minutes.<br><br>Նոր մետրոն ինձ հնարավորություն է տալիս դպրոց հասնել 20 րոպեում:', ''),
(15, 'supply - մատակարարում', 'When I was a child, my mother made me eat green vegetables every day.<br><br>Երբ ես երեխա էի, մայրս ինձ ստիպում էր ամեն օր կանաչեղեն ուտել:', ''),
(16, 'depend - կախված', 'The chairs are under the tree.<br><br>Աթոռները ծառի տակ են:', ''),
(17, 'hurry - շտապել', 'Their decision and baptism carried with them a high price.<br><br>Իրենց որոշման ու մկրտության համար նրանք թանկ գին վճարեցին։', ''),
(18, 'substance - նյութ', '', ''),
(19, 'degree - աստիճան', '', ''),
(20, 'violence - բռնություն', 'What results when we imitate Jehovah’s example of showing love?<br><br>Ի՞նչ օգուտներ ենք ստանում, երբ սեր դրսեւորելիս հետեւում ենք Եհովայի օրինակին։', ''),
(21, 'oxygen - թթվածին', '', ''),
(22, 'solution - լուծում', 'Tom can go hear Mary sing at that club whenever he wants to.<br><br>Թոմը կարող է ցանկացած պահի գնալ ակումբ Մերիի երգելը լսելու:', ''),
(23, 'evidence - ապացույց', '', ''),
(24, 'condition - պայման', 'In fact, the only way we can lose the race is by finally giving in or giving up.<br><br>Իրականում, պարտությունը մեր մրցավազքում կարող է լինել միայն այն դեպքում, երբ մենք ի վերջո հանձնվենք կամ հուսահատվենք։', ''),
(25, 'particular - հատուկ', 'Thus, it is not inherently wrong to use oft repeated words or phrases when praying.<br><br>Այսպիսով, ըստ էության, աղոթելիս սխալ չէ հաճախակի օգտագործել կրկնվող բառեր կամ արտահայտություններ։', ''),
(26, 'opposite - հակառակ', '', ''),
(27, 'gather - հավաքել', '', ''),
(28, 'property - սեփականություն', '', ''),
(29, 'require - պահանջել', '', ''),
(30, 'plural - հոգնակի', '', '');

-- --------------------------------------------------------

--
-- Структура таблицы `c1`
--

CREATE TABLE `c1` (
  `id` int(11) NOT NULL,
  `word` text NOT NULL,
  `sentence` text NOT NULL,
  `text` text NOT NULL
) ENGINE=InnoDB DEFAULT CHARSET=utf8;

--
-- Дамп данных таблицы `c1`
--

INSERT INTO `c1` (`id`, `word`, `sentence`, `text`) VALUES
(1, 'respond - պատասխանել', '', ''),
(2, 'scar - սպի', '', ''),
(3, 'gross - կոպիտ', '', ''),
(4, 'checkmate - շախմատ', '', ''),
(5, 'ivory - փղոսկր', '', ''),
(6, 'wasp - օձ', 'When we returned, I was shocked at the big difference!<br><br>Երբ մենք վերադարձանք, ես զարմացած էի մնացել մեծ տարբերությունից։', '<b>A great summer vacation</b><br><br>\r\nI just returned from the greatest summer vacation! It was so fantastic, I never wanted it to end. I spent eight days in Paris, France. My best friends, Henry and Steve, went with me. We had a beautiful hotel room in the Latin Quarter, and it wasn’t even expensive. We had a balcony with a wonderful view.<br><br>\r\n\r\nWe visited many famous tourist places. My favorite was the Louvre, a well-known museum. I was always interested in art, so that was a special treat for me. The museum is so huge, you could spend weeks there. Henry got tired walking around the museum and said “Enough! I need to take a break and rest.”<br><br>\r\n\r\nWe took lots of breaks and sat in cafes along the river Seine. The French food we ate was delicious. The wines were tasty, too. Steve’s favorite part of the vacation was the hotel breakfast. He said he would be happy if he could eat croissants like those forever. We had so much fun that we’re already talking about our next vacation!'),
(7, 'colonel - գնդապետ', 'My bed just pops out of the wall with two fingers.<br><br>Իմ անկողինը երկու մատի շարժումով դուրս է գալիս պատի միջից։', '<b>Going to the Supermarket</b><br><br>\r\nMartha is at the grocery store, getting ready for a house party. She has a list of what she needs with her as she goes along. The first section she comes has produce. Martha sees apples, bananas, cherries, grapes, and strawberries. She checks her list:<br><br>\r\n\r\nMartha gets her items and looks the bananas. They are on sale for much cheaper than they are normally. She picks 3 bananas. Next are vegetables. She sees potatoes, carrots, tomatoes, onions, mushrooms, and salad in bags. She checks her list:'),
(8, 'fancy - շքեղ', 'Tom added his own name to the list of people who wanted to take part in the dance.<br><br>Թոմը ավելացրեց իր սեփական անունը այն մարդկանց ցուցակում, որոնք ուզում էին մասնակցել պարին:', ''),
(9, 'stomach - ստամոքս', '', '<b>The pet store</b><br><br>\r\nGeorge is at the pet store, looking at what kind of pet he might want to get for his birthday. George asked if he could have a horse, but his parents said no because horses are too big.<br><br>\r\n\r\nFirst, he sees dogs and cats. Baby dogs are called puppies. Baby cats are called kittens. George likes them because they are easy to take care of and can play a lot, but they will get bigger. George wants a small pet.<br><br>\r\n\r\nThen George sees animals that have to live in a cage. He sees rabbits, guinea pigs, and mice. Mice are what you call more than one mouse. He likes these animals because they are small. Birds live in cages too. George sees a parrot and a canary. He likes them all, but he doesn’t want to clean the cage.'),
(10, 'behavior - վարքագիծ', 'It kills genuine, tender human relationships—destroying marriages and families.<br><br>Այն սպանում է անկեղծ, քնքուշ մարդկային հարաբերությունները՝ կործանելով ամուսնությունները եւ ընտանիքները։', ''),
(11, 'sorrow - վիշտ', 'Also posted are the latest news and video clips about our worldwide work, events affecting Jehovah’s Witnesses, and our humanitarian relief efforts.<br><br>Կայքում տեղադրված են թարմ տեղեկություններ եւ տեսանյութեր մեր համաշխարհային գործունեության, Եհովայի վկաներին առնչվող դեպքերի եւ աղետից տուժածներին մարդասիրական օգնություն տրամադրելու աշխատանքների վերաբերյալ։', ''),
(12, 'sufficient - բավարար', 'Running as fast as I could, I was able to catch up with my friend.<br><br>Վազելով այնքան արագ, որքան կարող էի՝ ես կարողացա բռնել իմ ընկերոջը:', '<b>The Statue of Liberty</b><br><br>\r\nThe Statue of Liberty, arguably one of New York City’s most iconic symbols, is a popular tourist attraction for first-time visitors to the city. This 150-foot monument was gifted to the United States from France in order to celebrate 100 years of America’s independence. The statue is located on Liberty Island, and it is accessible by taking a ferry from either Battery Park in New York City or Liberty State Park in Jersey City.<br><br>\r\n\r\nWhen Claire visited the Statue of Liberty for the first time, she instantly admired it as a symbol of freedom. Claire made sure to make reservations before her visit because only 240 people are permitted to climb the staircase to the top of the statue every day. After climbing almost 400 stairs, Claire received spectacular views of the city from the statue’s crown.<br><br>\r\n\r\nDuring her visit, Claire learned that the Statue of Liberty was not always the color that it is now. She found out that because the statue’s exterior is made of copper, the statue oxidized over time, giving it the greenish appearance it has in present day. When it was first constructed, the statue was the same color as a shiny penny!'),
(13, 'alteration - փոփոխություն', 'According to my experience, it takes one year to master French grammar.<br><br>Ըստ իմ փորձի, ֆրանսերենի քերականությանը տիրապետելու համար մեկ տարի է պահանջվում:', ''),
(14, 'psychotic - հոգեբանական', 'The new subway enables me to get to school in 20 minutes.<br><br>Նոր մետրոն ինձ հնարավորություն է տալիս դպրոց հասնել 20 րոպեում:', ''),
(15, 'orphan - որբ', 'When I was a child, my mother made me eat green vegetables every day.<br><br>Երբ ես երեխա էի, մայրս ինձ ստիպում էր ամեն օր կանաչեղեն ուտել:', ''),
(16, 'plague - ժանտախտ', 'The chairs are under the tree.<br><br>Աթոռները ծառի տակ են:', ''),
(17, 'desperate - հուսահատ', 'Their decision and baptism carried with them a high price.<br><br>Իրենց որոշման ու մկրտության համար նրանք թանկ գին վճարեցին։', ''),
(18, 'slippery - սայթաքուն', '', ''),
(19, 'reckless - անխոհեմ', '', ''),
(20, 'campfire - խարույկ', 'What results when we imitate Jehovah’s example of showing love?<br><br>Ի՞նչ օգուտներ ենք ստանում, երբ սեր դրսեւորելիս հետեւում ենք Եհովայի օրինակին։', '');

-- --------------------------------------------------------

--
-- Структура таблицы `c2`
--

CREATE TABLE `c2` (
  `id` int(11) NOT NULL,
  `word` text NOT NULL,
  `sentence` text NOT NULL,
  `text` text NOT NULL
) ENGINE=InnoDB DEFAULT CHARSET=utf8;

--
-- Дамп данных таблицы `c2`
--

INSERT INTO `c2` (`id`, `word`, `sentence`, `text`) VALUES
(1, 'horny - եղջյուրավոր', '', ''),
(2, 'obtain - ստանալ', '', ''),
(3, 'unify - միավորել', '', ''),
(4, 'cereal - շիլա', '', ''),
(5, 'wrest - խլել', '', ''),
(6, 'inevitable - անխուսափելի', 'When we returned, I was shocked at the big difference!<br><br>Երբ մենք վերադարձանք, ես զարմացած էի մնացել մեծ տարբերությունից։', '<b>A great summer vacation</b><br><br>\r\nI just returned from the greatest summer vacation! It was so fantastic, I never wanted it to end. I spent eight days in Paris, France. My best friends, Henry and Steve, went with me. We had a beautiful hotel room in the Latin Quarter, and it wasn’t even expensive. We had a balcony with a wonderful view.<br><br>\r\n\r\nWe visited many famous tourist places. My favorite was the Louvre, a well-known museum. I was always interested in art, so that was a special treat for me. The museum is so huge, you could spend weeks there. Henry got tired walking around the museum and said “Enough! I need to take a break and rest.”<br><br>\r\n\r\nWe took lots of breaks and sat in cafes along the river Seine. The French food we ate was delicious. The wines were tasty, too. Steve’s favorite part of the vacation was the hotel breakfast. He said he would be happy if he could eat croissants like those forever. We had so much fun that we’re already talking about our next vacation!'),
(7, 'minuscule - մանրուք', 'My bed just pops out of the wall with two fingers.<br><br>Իմ անկողինը երկու մատի շարժումով դուրս է գալիս պատի միջից։', '<b>Going to the Supermarket</b><br><br>\r\nMartha is at the grocery store, getting ready for a house party. She has a list of what she needs with her as she goes along. The first section she comes has produce. Martha sees apples, bananas, cherries, grapes, and strawberries. She checks her list:<br><br>\r\n\r\nMartha gets her items and looks the bananas. They are on sale for much cheaper than they are normally. She picks 3 bananas. Next are vegetables. She sees potatoes, carrots, tomatoes, onions, mushrooms, and salad in bags. She checks her list:'),
(8, 'heathen - հեթանոսական', 'Tom added his own name to the list of people who wanted to take part in the dance.<br><br>Թոմը ավելացրեց իր սեփական անունը այն մարդկանց ցուցակում, որոնք ուզում էին մասնակցել պարին:', ''),
(9, 'orb - գունդ', '', '<b>The pet store</b><br><br>\r\nGeorge is at the pet store, looking at what kind of pet he might want to get for his birthday. George asked if he could have a horse, but his parents said no because horses are too big.<br><br>\r\n\r\nFirst, he sees dogs and cats. Baby dogs are called puppies. Baby cats are called kittens. George likes them because they are easy to take care of and can play a lot, but they will get bigger. George wants a small pet.<br><br>\r\n\r\nThen George sees animals that have to live in a cage. He sees rabbits, guinea pigs, and mice. Mice are what you call more than one mouse. He likes these animals because they are small. Birds live in cages too. George sees a parrot and a canary. He likes them all, but he doesn’t want to clean the cage.'),
(10, 'abolish - չեղարկել', 'It kills genuine, tender human relationships—destroying marriages and families.<br><br>Այն սպանում է անկեղծ, քնքուշ մարդկային հարաբերությունները՝ կործանելով ամուսնությունները եւ ընտանիքները։', ''),
(11, 'hut - խրճիթ', 'Also posted are the latest news and video clips about our worldwide work, events affecting Jehovah’s Witnesses, and our humanitarian relief efforts.<br><br>Կայքում տեղադրված են թարմ տեղեկություններ եւ տեսանյութեր մեր համաշխարհային գործունեության, Եհովայի վկաներին առնչվող դեպքերի եւ աղետից տուժածներին մարդասիրական օգնություն տրամադրելու աշխատանքների վերաբերյալ։', ''),
(12, 'abstinence - ժուժկալություն', 'Running as fast as I could, I was able to catch up with my friend.<br><br>Վազելով այնքան արագ, որքան կարող էի՝ ես կարողացա բռնել իմ ընկերոջը:', '<b>The Statue of Liberty</b><br><br>\r\nThe Statue of Liberty, arguably one of New York City’s most iconic symbols, is a popular tourist attraction for first-time visitors to the city. This 150-foot monument was gifted to the United States from France in order to celebrate 100 years of America’s independence. The statue is located on Liberty Island, and it is accessible by taking a ferry from either Battery Park in New York City or Liberty State Park in Jersey City.<br><br>\r\n\r\nWhen Claire visited the Statue of Liberty for the first time, she instantly admired it as a symbol of freedom. Claire made sure to make reservations before her visit because only 240 people are permitted to climb the staircase to the top of the statue every day. After climbing almost 400 stairs, Claire received spectacular views of the city from the statue’s crown.<br><br>\r\n\r\nDuring her visit, Claire learned that the Statue of Liberty was not always the color that it is now. She found out that because the statue’s exterior is made of copper, the statue oxidized over time, giving it the greenish appearance it has in present day. When it was first constructed, the statue was the same color as a shiny penny!'),
(13, 'intrusion - ներխուժում', 'According to my experience, it takes one year to master French grammar.<br><br>Ըստ իմ փորձի, ֆրանսերենի քերականությանը տիրապետելու համար մեկ տարի է պահանջվում:', ''),
(14, 'deteriorate - փչանալ', 'The new subway enables me to get to school in 20 minutes.<br><br>Նոր մետրոն ինձ հնարավորություն է տալիս դպրոց հասնել 20 րոպեում:', ''),
(15, 'negate - ժխտել', 'When I was a child, my mother made me eat green vegetables every day.<br><br>Երբ ես երեխա էի, մայրս ինձ ստիպում էր ամեն օր կանաչեղեն ուտել:', ''),
(16, 'wobble - տատանվել', 'The chairs are under the tree.<br><br>Աթոռները ծառի տակ են:', ''),
(17, 'esteem - հարգանք', 'Their decision and baptism carried with them a high price.<br><br>Իրենց որոշման ու մկրտության համար նրանք թանկ գին վճարեցին։', ''),
(18, 'flare - բռնկում', '', ''),
(19, 'brief - կարճ', '', ''),
(20, 'pageant - մրցույթ', 'What results when we imitate Jehovah’s example of showing love?<br><br>Ի՞նչ օգուտներ ենք ստանում, երբ սեր դրսեւորելիս հետեւում ենք Եհովայի օրինակին։', '');

-- --------------------------------------------------------

--
-- Структура таблицы `shop`
--

CREATE TABLE `shop` (
  `id` int(11) NOT NULL,
  `product_number` int(11) NOT NULL,
  `photo` text NOT NULL,
  `description` text NOT NULL,
  `price` int(11) NOT NULL
) ENGINE=InnoDB DEFAULT CHARSET=utf8;

--
-- Дамп данных таблицы `shop`
--

INSERT INTO `shop` (`id`, `product_number`, `photo`, `description`, `price`) VALUES
(7, 1, 'https://xasler.ru/photo/434905ee4d4a52c89c.jpg', 'Product not available', 15000),
(8, 2, 'http://online.fliphtml5.com/lhxm/uduw/files/large/1.jpg', 'Product not available', 750),
(9, 3, 'https://images-na.ssl-images-amazon.com/images/I/516FZu3F81L.jpg', 'Product not available', 2500),
(10, 4, 'https://images-na.ssl-images-amazon.com/images/I/81r2m1Wq2GL.jpg', 'Product not available', 13000),
(11, 5, 'https://fast-anime.ru/shop/upload/100277195.jpg', 'Product not available', 500000);

-- --------------------------------------------------------

--
-- Структура таблицы `tests`
--

CREATE TABLE `tests` (
  `id` int(11) NOT NULL,
  `test_id` int(11) NOT NULL,
  `level` int(11) NOT NULL,
  `user_id` int(11) NOT NULL,
  `type` varchar(15) NOT NULL DEFAULT 'lock'
) ENGINE=InnoDB DEFAULT CHARSET=utf8;

--
-- Дамп данных таблицы `tests`
--

INSERT INTO `tests` (`id`, `test_id`, `level`, `user_id`, `type`) VALUES
(1, 1, 1, 3, 'unlock'),
(2, 1, 2, 3, 'unlock'),
(3, 1, 3, 3, 'unlock'),
(4, 1, 4, 3, 'unlock'),
(5, 1, 5, 3, 'unlock'),
(6, 1, 6, 3, 'unlock'),
(7, 1, 7, 3, 'unlock'),
(8, 1, 8, 3, 'unlock'),
(9, 1, 9, 3, 'unlock'),
(10, 1, 10, 3, 'lock'),
(11, 1, 11, 3, 'lock'),
(12, 1, 12, 3, 'lock'),
(181, 1, 1, 4, 'unlock'),
(182, 1, 2, 4, 'unlock'),
(183, 1, 3, 4, 'unlock'),
(184, 1, 4, 4, 'unlock'),
(185, 1, 5, 4, 'unlock'),
(186, 1, 6, 4, 'unlock'),
(187, 1, 7, 4, 'unlock'),
(188, 1, 8, 4, 'unlock'),
(189, 1, 9, 4, 'unlock'),
(190, 1, 10, 4, 'unlock'),
(191, 1, 11, 4, 'unlock'),
(192, 1, 12, 4, 'unlock'),
(193, 1, 1, 5, 'unlock'),
(194, 1, 2, 5, 'lock'),
(195, 1, 3, 5, 'lock'),
(196, 1, 4, 5, 'lock'),
(197, 1, 5, 5, 'lock'),
(198, 1, 6, 5, 'lock'),
(199, 1, 7, 5, 'lock'),
(200, 1, 8, 5, 'lock'),
(201, 1, 9, 5, 'lock'),
(202, 1, 10, 5, 'lock'),
(203, 1, 11, 5, 'lock'),
(204, 1, 12, 5, 'lock'),
(205, 1, 1, 19, 'unlock'),
(206, 1, 2, 19, 'lock'),
(207, 1, 3, 19, 'lock'),
(208, 1, 4, 19, 'lock'),
(209, 1, 5, 19, 'lock'),
(210, 1, 6, 19, 'lock'),
(211, 1, 7, 19, 'lock'),
(212, 1, 8, 19, 'lock'),
(213, 1, 9, 19, 'lock'),
(214, 1, 10, 19, 'lock'),
(215, 1, 11, 19, 'lock'),
(216, 1, 12, 19, 'lock'),
(217, 1, 1, 9, 'unlock'),
(218, 1, 2, 9, 'unlock'),
(219, 1, 3, 9, 'unlock'),
(220, 1, 4, 9, 'unlock'),
(221, 1, 5, 9, 'lock'),
(222, 1, 6, 9, 'lock'),
(223, 1, 7, 9, 'lock'),
(224, 1, 8, 9, 'lock'),
(225, 1, 9, 9, 'lock'),
(226, 1, 10, 9, 'lock'),
(227, 1, 11, 9, 'lock'),
(228, 1, 12, 9, 'lock'),
(229, 1, 1, 10, 'unlock'),
(230, 1, 2, 10, 'lock'),
(231, 1, 3, 10, 'lock'),
(232, 1, 4, 10, 'lock'),
(233, 1, 5, 10, 'lock'),
(234, 1, 6, 10, 'lock'),
(235, 1, 7, 10, 'lock'),
(236, 1, 8, 10, 'lock'),
(237, 1, 9, 10, 'lock'),
(238, 1, 10, 10, 'lock'),
(239, 1, 11, 10, 'lock'),
(240, 1, 12, 10, 'lock');

-- --------------------------------------------------------

--
-- Структура таблицы `test_question`
--

CREATE TABLE `test_question` (
  `id` int(11) NOT NULL,
  `question` text NOT NULL,
  `answer` text NOT NULL,
  `test_id` int(11) NOT NULL,
  `level` int(3) NOT NULL,
  `question_number` int(3) NOT NULL
) ENGINE=InnoDB DEFAULT CHARSET=utf8;

--
-- Дамп данных таблицы `test_question`
--

INSERT INTO `test_question` (`id`, `question`, `answer`, `test_id`, `level`, `question_number`) VALUES
(1, 'big', 'մեծ', 1, 1, 0),
(2, 'bed', 'անկողին', 1, 1, 1),
(3, 'pen', 'գրիչ', 1, 1, 2),
(4, 'man', 'տղամարդ', 1, 1, 3),
(5, 'water', 'ջուր', 1, 1, 4),
(6, 'name', 'անուն', 1, 1, 5),
(7, 'ball', 'գնդակ', 1, 1, 6),
(8, 'car', 'մեքենա', 1, 1, 7),
(9, 'you', 'դու', 1, 1, 8),
(10, 'wall', 'պատ', 1, 1, 9),
(11, 'family', 'ընտանիք', 1, 1, 10),
(12, 'friend', 'ընկեր', 1, 1, 11),
(13, 'life', 'կյանք', 1, 1, 12),
(14, 'death', 'մահ', 1, 1, 13),
(15, 'hand', 'ձեռք', 1, 1, 14),
(16, 'king', 'թագավոր', 1, 1, 15),
(17, 'year', 'տարի', 1, 1, 16),
(18, 'world', 'աշխարհ', 1, 1, 17),
(19, 'tree', 'ծառ', 1, 1, 18),
(20, 'animal', 'կենդանի', 1, 1, 19),
(21, 'work', 'աշխատանք', 1, 1, 20),
(22, 'school', 'դպրոց', 1, 1, 21),
(23, 'shop', 'խանութ', 1, 1, 22),
(24, 'house', 'տուն', 1, 1, 23),
(25, 'country', 'երկիր', 1, 1, 24),
(26, 'fire', 'կրակ', 1, 1, 25),
(27, 'food', 'ուտելիք', 1, 1, 26),
(28, 'sun', 'արև', 1, 1, 27),
(29, 'day', 'օր', 1, 1, 28),
(30, 'child', 'երեխա', 1, 1, 29),
(65, 'paper', 'թուղթ', 2, 2, 0),
(66, 'chair', 'աթոռ', 2, 2, 1),
(67, 'table', 'սեղան', 2, 2, 2),
(68, 'money', 'փող', 2, 2, 3),
(69, 'way', 'ճանապարհ', 2, 2, 4),
(70, 'cake', 'տորթ', 2, 2, 5),
(71, 'price', 'գին', 2, 2, 6),
(72, 'question', 'հարց', 2, 2, 7),
(73, 'answer', 'պատասխան', 2, 2, 8),
(74, 'number', 'թիվ', 2, 2, 9),
(75, 'can', 'կարողանալ', 2, 2, 10),
(76, 'feel', 'զգալ', 2, 2, 11),
(77, 'love', 'սեր', 2, 2, 12),
(78, 'want', 'ցանկանալ', 2, 2, 13),
(79, 'say', 'ասել', 2, 2, 14),
(80, 'tell', 'պատմել', 2, 2, 15),
(81, 'see', 'տեսնել', 2, 2, 16),
(82, 'hear', 'լսել', 2, 2, 17),
(83, 'believe', 'հավատալ', 2, 2, 18),
(84, 'take', 'վերցնել', 2, 2, 19),
(85, 'give', 'տալ', 2, 2, 20),
(86, 'go', 'գնալ', 2, 2, 21),
(87, 'run', 'վազել', 2, 2, 22),
(88, 'make', 'կատարել', 2, 2, 23),
(89, 'know', 'իմանալ', 2, 2, 24),
(90, 'understand', 'հասկանալ', 2, 2, 25),
(91, 'remember', 'հիշել', 2, 2, 26),
(92, 'think', 'մտածել', 2, 2, 27),
(93, 'lose', 'կորցնել', 2, 2, 28),
(94, 'use', 'օգտագործել', 2, 2, 29),
(95, 'get', 'ստանալ', 3, 3, 0),
(96, 'come', 'գալ', 3, 3, 1),
(97, 'sit', 'նստել', 3, 3, 2),
(98, 'bring', 'բերել', 3, 3, 3),
(99, 'learn', 'սովորել', 3, 3, 4),
(100, 'ask', 'հարցնել', 3, 3, 5),
(101, 'let', 'թողնել', 3, 3, 6),
(102, 'help', 'օգնել', 3, 3, 7),
(103, 'begin', 'սկսել', 3, 3, 8),
(104, 'turn', 'շրջել', 3, 3, 9),
(105, 'meet', 'հանդիպել', 3, 3, 10),
(106, 'change', 'փոփոխել', 3, 3, 11),
(107, 'open', 'բաց', 3, 3, 12),
(108, 'close', 'փակ', 3, 3, 13),
(109, 'good', 'լավ', 3, 3, 14),
(110, 'new', 'նոր', 3, 3, 15),
(111, 'young', 'երիտասարդ', 3, 3, 16),
(112, 'old', 'հին', 3, 3, 17),
(113, 'low', 'ցածր', 3, 3, 18),
(114, 'strong', 'ուժեղ', 3, 3, 19),
(115, 'free', 'անվճար', 3, 3, 20),
(116, 'easy', 'հեշտ', 3, 3, 21),
(117, 'small', 'փոքր', 3, 3, 22),
(118, 'wrong', 'սխալ', 3, 3, 23),
(119, 'hot', 'տաք', 3, 3, 24),
(120, 'happy', 'ուրախ', 3, 3, 25),
(121, 'ready', 'պատրաստ', 3, 3, 26),
(122, 'cold', 'ցուրտ', 3, 3, 27),
(123, 'high', 'բարձր', 3, 3, 28),
(124, 'after', 'հետո', 3, 3, 29),
(125, 'always', 'միշտ', 4, 4, 0),
(126, 'never', 'երբեք', 4, 4, 1),
(127, 'also', 'նաև', 4, 4, 2),
(128, 'just', 'պարզապես', 4, 4, 3),
(129, 'only', 'միայն', 4, 4, 4),
(130, 'again', 'կրկին', 4, 4, 5),
(131, 'often', 'հաճախ', 4, 4, 6),
(132, 'still', 'դեռ', 4, 4, 7),
(133, 'already', 'արդեն', 4, 4, 8),
(134, 'almost', 'գրեթե', 4, 4, 9),
(135, 'enough', 'բավականին', 4, 4, 10),
(136, 'very', 'շատ', 4, 4, 11),
(137, 'sometimes', 'երբեմն', 4, 4, 12),
(138, 'now', 'հիմա', 4, 4, 13),
(139, 'then', 'հետո', 4, 4, 14),
(140, 'usually', 'սովորաբար', 4, 4, 15),
(141, 'quickly', 'արագորեն', 4, 4, 16),
(142, 'slowly ', 'դանդաղորեն', 4, 4, 17),
(143, 'well', 'լավ', 4, 4, 18),
(144, 'especially', 'հատկապես', 4, 4, 19),
(145, 'without', 'առանց', 4, 4, 20),
(146, 'before', 'նախքան', 4, 4, 21),
(147, 'down', 'ներքև', 4, 4, 22),
(148, 'along', 'երկայնքով', 4, 4, 23),
(149, 'under', 'տակ', 4, 4, 24),
(150, 'between', 'միջև', 4, 4, 25),
(151, 'up', 'վերև', 4, 4, 26),
(152, 'month', 'ամիս', 4, 4, 27),
(153, 'any', 'ցանկացած', 4, 4, 28),
(154, 'other', 'այլ', 4, 4, 29),
(155, 'ship', 'նավ', 5, 5, 0),
(156, 'wind', 'քամի', 5, 5, 1),
(157, 'short', 'կարճ', 5, 5, 2),
(158, 'area', 'տարածք', 5, 5, 3),
(159, 'rock', 'քար', 5, 5, 4),
(160, 'problem', 'խնդիր', 5, 5, 5),
(161, 'piece', 'կտոր', 5, 5, 6),
(162, 'pass', 'անցնել', 5, 5, 7),
(163, 'top', 'գագաթ', 5, 5, 8),
(164, 'street', 'փողոց', 5, 5, 9),
(165, 'direct', 'ուղիղ', 5, 5, 10),
(166, 'soon', 'շուտով', 5, 5, 11),
(167, 'product', 'ապրանք', 5, 5, 12),
(168, 'nothing', 'ոչինչ', 5, 5, 13),
(169, 'stay', 'մնալ', 5, 5, 14),
(170, 'wheel', 'անիվ', 6, 6, 0),
(171, 'force', 'ուժ', 6, 6, 1),
(172, 'full', 'լրիվ', 6, 6, 2),
(173, 'object', 'օբյեկտ', 6, 6, 3),
(174, 'decide', 'որոշել', 6, 6, 4),
(175, 'press', 'սեղմել', 6, 6, 5),
(176, 'body', 'մարմին', 6, 6, 6),
(177, 'boat', 'նավակ', 6, 6, 7),
(178, 'common', 'ընդհանուր', 6, 6, 8),
(179, 'dry', 'չոր', 6, 6, 9),
(180, 'check', 'ստուգել', 6, 6, 10),
(181, 'thousand', 'հազար', 6, 6, 11),
(182, 'heat', 'ջերմություն', 6, 6, 12),
(183, 'distant', 'հեռավոր', 6, 6, 13),
(184, 'town', 'քաղաք', 6, 6, 14),
(185, 'certain', 'որոշակի', 7, 7, 0),
(186, 'correct', 'ճիշտ', 7, 7, 1),
(187, 'jewellery', 'զարդ', 7, 7, 2),
(188, 'oil', 'յուղ', 7, 7, 3),
(189, 'wire', 'մետաղալար', 7, 7, 4),
(190, 'fair', 'արդար', 7, 7, 5),
(191, 'consonant', 'բաղաձայն', 7, 7, 6),
(192, 'climb', 'բարձրանալ', 7, 7, 7),
(193, 'iron', 'երկաթ', 7, 7, 8),
(194, 'stick', 'փայտ', 7, 7, 9),
(195, 'crease', 'ծալել', 7, 7, 10),
(196, 'century', 'դար', 7, 7, 11),
(197, 'consider', 'դիտարկել', 7, 7, 12),
(198, 'phrase', 'արտահայտություն', 7, 7, 13),
(199, 'supply', 'մատակարարում', 7, 7, 14),
(200, 'depend', 'կախված', 8, 8, 0),
(201, 'hurry', 'շտապել', 8, 8, 1),
(202, 'substance', 'նյութ', 8, 8, 2),
(203, 'degree', 'աստիճան', 8, 8, 3),
(204, 'violence', 'բռնություն', 8, 8, 4),
(205, 'oxygen', 'թթվածին', 8, 8, 5),
(206, 'solution', 'լուծում', 8, 8, 6),
(207, 'evidence', 'ապացույց', 8, 8, 7),
(208, 'condition', 'պայման', 8, 8, 8),
(209, 'particular', 'հատուկ', 8, 8, 9),
(210, 'opposite', 'հակառակ', 8, 8, 10),
(211, 'gather', 'հավաքել', 8, 8, 11),
(212, 'property', 'սեփականություն', 8, 8, 12),
(213, 'require', 'պահանջել', 8, 8, 13),
(214, 'plural', 'հոգնակի', 8, 8, 14),
(215, 'respond', 'պատասխանել', 9, 9, 0),
(216, 'scar', 'սպի', 9, 9, 1),
(217, 'gross', 'կոպիտ', 9, 9, 2),
(218, 'checkmate', 'շախմատ', 9, 9, 3),
(219, 'ivory', 'փղոսկր', 9, 9, 4),
(220, 'wasp', 'օձ', 9, 9, 5),
(221, 'colonel', 'գնդապետ', 9, 9, 6),
(222, 'fancy', 'շքեղ', 9, 9, 7),
(223, 'stomach', 'ստամոքս', 9, 9, 8),
(224, 'behavior', 'վարքագիծ', 9, 9, 9),
(225, 'sorrow', 'վիշտ', 10, 10, 0),
(226, 'sufficient', 'բավարար', 10, 10, 1),
(227, 'alteration', 'փոփոխություն', 10, 10, 2),
(228, 'psychotic', 'հոգեբանական', 10, 10, 3),
(229, 'orphan', 'որբ', 10, 10, 4),
(230, 'plague', 'ժանտախտ', 10, 10, 5),
(231, 'desperate', 'հուսահատ', 10, 10, 6),
(232, 'slippery', 'սայթաքուն', 10, 10, 7),
(233, 'reckless', 'անխոհեմ', 10, 10, 8),
(234, 'campfire', 'խարույկ', 10, 10, 9),
(235, 'horny', 'եղջյուրավոր', 11, 11, 0),
(236, 'obtain', 'ստանալ', 11, 11, 1),
(237, 'unify', 'միավորել', 11, 11, 2),
(238, 'cereal', 'շիլա', 11, 11, 3),
(239, 'wrest', 'խլել', 11, 11, 4),
(240, 'inevitable', 'անխուսափելի', 11, 11, 5),
(241, 'minuscule', 'մանրուք', 11, 11, 6),
(242, 'heathen', 'հեթանոսական', 11, 11, 7),
(243, 'orb', 'գունդ', 11, 11, 8),
(244, 'abolish', 'չեղարկել', 11, 11, 9),
(245, 'hut', 'խրճիթ', 12, 12, 0),
(246, 'abstinence', 'ժուժկալություն', 12, 12, 1),
(247, 'intrusion', 'ներխուժում', 12, 12, 2),
(248, 'deteriorate', 'փչանալ', 12, 12, 3),
(249, 'negate', 'ժխտել', 12, 12, 4),
(250, 'wobble', 'տատանվել', 12, 12, 5),
(251, 'esteem', 'հարգանք', 12, 12, 6),
(252, 'flare', 'բռնկում', 12, 12, 7),
(253, 'brief', 'կարճ', 12, 12, 8),
(254, 'pageant', 'մրցույթ', 12, 12, 9);

-- --------------------------------------------------------

--
-- Структура таблицы `translate`
--

CREATE TABLE `translate` (
  `id` int(11) NOT NULL,
  `word_type` char(1) NOT NULL,
  `word` varchar(255) NOT NULL,
  `word_info` text NOT NULL
) ENGINE=InnoDB DEFAULT CHARSET=utf8;

--
-- Дамп данных таблицы `translate`
--

INSERT INTO `translate` (`id`, `word_type`, `word`, `word_info`) VALUES
(1, 'A', 'abandon', 'լքել, հրաժարվել, թողնել'),
(2, 'A', 'ability', 'կարողություն, ընդունակություն, հնարավորություն, շնորհք'),
(3, 'A', 'able', 'կարող, ունակ, ընդունակ'),
(4, 'A', 'about', 'մասին, մոտ, շուրջ'),
(5, 'A', 'above', 'վերեւում, վեր, ավելի'),
(6, 'A', 'abroad', 'ամենուրեք'),
(7, 'A', 'absence', 'գործալքում, պարապուրդ'),
(8, 'A', 'absent', 'բացակա, անջատված'),
(9, 'A', 'absolute', 'բացարձակ, անսահման, մաքուր'),
(10, 'A', 'absorb', 'կլանել, աբսորբել, ներծծել'),
(11, 'A', 'abuse', 'հայհոյել, չարաշահում, չարաշահել, վիրավորանք'),
(12, 'A', 'academic', 'ակադեմիկոս, վերացական'),
(13, 'A', 'accent', 'շեշտել, շեշտ, ակցենտ'),
(14, 'A', 'accept', 'ընդունել, համաձայնել'),
(15, 'A', 'acceptable', 'ընդունելի, հաճելի'),
(16, 'A', 'accidental', 'պատահական, օժանդակ, անակնկալ'),
(17, 'A', 'accommodation', 'բնակարան, շենք, հարմարեցում, կացարան'),
(18, 'A', 'accompany', 'ուղեկցել, նվագակցել'),
(19, 'A', 'according to', 'համապատասխան, համաձայն, ըստ'),
(20, 'A', 'account', 'հաշիվ, հաշվետվություն, հաշվարկ'),
(21, 'A', 'accurate', 'ճիշտ, ճշգրիտ, ճշտապահ'),
(22, 'A', 'accuse', 'մեղադրել'),
(23, 'A', 'achieve', 'իրագործել, ավարտել'),
(24, 'A', 'achievement', 'նվաճում, կատարում'),
(25, 'A', 'acid', 'թթու, թթվային, խայթող'),
(26, 'A', 'acknowledge', 'ընդունել, ճանաչել'),
(27, 'A', 'acquire', 'սովորել, ուսանել, ստանալ'),
(28, 'A', 'across', 'միջով, վրայով, դիմացը'),
(29, 'A', 'act', 'գործողություն, արարք, ակտ'),
(30, 'A', 'action', 'գործողություն, արարք, կռիվ'),
(31, 'A', 'active', 'եռանդուն, ընթացիկ, ներգործական'),
(32, 'A', 'actor', 'դերասան'),
(33, 'A', 'actual', 'իրական, իսկական, ժամանակակից'),
(34, 'A', 'add', 'ավելացնել, հավելել, գումարել, միացնել'),
(35, 'A', 'additional', 'լրացուցիչ'),
(36, 'A', 'address', 'հասցե, խոսք, ճառ, ճարպկություն'),
(37, 'A', 'adult', 'հասուն, մեծահասակ, չափահաս'),
(38, 'A', 'adventure', 'արկածային, պատահար, դիպված'),
(39, 'A', 'advice', 'խորհուրդ, ծանուցում, հաղորդում'),
(40, 'A', 'affair', 'գործ, բան, արարք, զբաղմունք'),
(41, 'A', 'affect', 'ազդել, գործել, դիպչել'),
(42, 'A', 'afford', 'տալ, իրեն թույլ տալ'),
(43, 'A', 'afraid', 'վախեցած'),
(44, 'A', 'after', 'հետո, հետևից, ետևից'),
(45, 'A', 'afternoon', 'կեսօրից հետո'),
(46, 'A', 'again', 'նորից, էլի, կրկին'),
(47, 'A', 'against', 'դեմ'),
(48, 'A', 'age', 'տարիք, դար, դարաշրջան'),
(49, 'A', 'aggressive', 'ագրեսիվ, հարձակողական, հաստատակամ, եռանդուն'),
(50, 'A', 'agree', 'համաձայնվել, '),
(51, 'B', 'baby', 'մանուկ, երեխա, մանկիկ'),
(52, 'B', 'back', 'հետ, ետեւ, մեջք, թիկունք'),
(53, 'B', 'background', 'ֆոն, ետնապատկեր, խորք'),
(54, 'B', 'bacteria', 'բակտերիա, մանրէ'),
(55, 'B', 'bad', 'վատ, չար'),
(56, 'B', 'bag', 'պայուսակ, տոպրակ'),
(57, 'B', 'baggage', 'ուղեբեռ'),
(58, 'B', 'balance', 'հավասարակշռություն, բալանս'),
(59, 'B', 'basic', 'հիմունք, հիմնական'),
(60, 'B', 'bathroom', 'լոգարան, բաղնիք, զուգարան'),
(62, 'B', 'beach', 'լողափ, ծովափ, ծովեզերք'),
(63, 'B', 'battle', 'մարտ, ճակատամարտ, կռիվ'),
(64, 'B', 'beautiful', 'գեղեցիկ, հաճելի, սիրուն'),
(65, 'B', 'because', 'որովհետեւ, պատճառով, քանզի'),
(66, 'B', 'become', 'պատշաճ, սազել, դառնալ'),
(67, 'B', 'bedroom', 'ննջարան, ննջասենյակ'),
(68, 'B', 'before', 'առաջ, առջեւ, առջեւում'),
(69, 'B', 'begin', 'սկսել, սկսվել, մեկնարկել'),
(70, 'B', 'behaviour', 'վարք, վարվելաձեւ, արարք'),
(71, 'B', 'believe', 'հավատալ, հավատալ, ենթադրել'),
(72, 'B', 'below', 'ցած, ցածր, ներքեւ'),
(73, 'B', 'belt', 'գոտի, ղարիշ'),
(74, 'B', 'best', 'ամենալավ, լավագույն'),
(75, 'B', 'bet', 'դնել, հաշվել, պայման'),
(76, 'B', 'better', 'ավելի լավ, բարելավել, ավելին'),
(77, 'B', 'beyond', 'դուրս, բացի'),
(78, 'B', 'bicycle', 'հեծանիվ'),
(79, 'B', 'bid', 'հայտ, առաջարկ'),
(80, 'B', 'bill', 'հաշիվ'),
(81, 'B', 'bin', 'աղբաման, աղբարկղ, դույլ'),
(82, 'B', 'bird', 'թռչուն, ծիտ, հավք'),
(83, 'B', 'birth', 'ծնել, ծնունդ, սկիզբ'),
(84, 'B', 'biscuit', 'թխվածք, պեչենի, բիսկվիտ'),
(85, 'B', 'bitter', 'դառը, մռու, կծու'),
(86, 'B', 'black', 'սեւ, սեւամորթ, նեգր'),
(87, 'B', 'blame', 'մեղադրել, մեղք, հանցանք'),
(88, 'B', 'blank', 'դատարկ, բաց'),
(89, 'B', 'block', 'փակել, արգելափակել'),
(90, 'B', 'blood', 'արյուն, արյունակցություն'),
(91, 'B', 'blow', 'փչել, հարված, պայթել'),
(92, 'B', 'blue', 'կապույտ, լուրթ, ծավի'),
(93, 'B', 'board', 'տախտակ, սեղան, խորհուրդ'),
(94, 'B', 'bone', 'ոսկոր, աճյուն, կմախք'),
(95, 'B', 'book', 'գիրք, պատվիրել'),
(96, 'B', 'border', 'սահման,եզր, եզրագիծ'),
(97, 'B', 'boss', 'տեր, վերակացու, տնօրեն'),
(98, 'B', 'boy', 'տղա, պատանի, որդի'),
(99, 'B', 'boyfriend', 'ընկեր'),
(100, 'B', 'branch', 'ճյուղ, մասնաճյուղ, ոստ'),
(101, 'B', 'brave', 'քաջ, արի, խիզախ'),
(102, 'C', 'cake', 'տորթ, թխվածք, կտոր'),
(103, 'C', 'calculate', 'հաշվել'),
(104, 'C', 'call', 'կանչ, զանգահարել, զանգել'),
(105, 'C', 'child', 'երեխա, մանուկ, զավակ'),
(106, 'C', 'calm', 'խաղաղություն,  հանգիստ, հանգստություն'),
(107, 'C', 'camera', 'տեսախցիկ, ֆոտոխցիկ'),
(108, 'C', 'camp', 'ճամբար'),
(109, 'C', 'can', 'կարողանալ'),
(110, 'C', 'cancel', 'չեղարկել, վերացնել, ջնջել'),
(111, 'C', 'cheese', 'պանիր'),
(112, 'C', 'candy', 'կոնֆետ, սառնաշաքար'),
(113, 'C', 'cap', 'գլխարկ, կափարիչ, գնել'),
(114, 'C', 'capable', 'ընդունակ, կարող, ունակ'),
(115, 'C', 'capital', 'մայրաքաղաք, կապիտալ, մեծատառ'),
(116, 'C', 'car', 'ավտոմեքենա, վագոն, կառք'),
(117, 'C', 'card', 'բացիկ, խաղաթուղթ, քարտ, տոմս'),
(118, 'C', 'chicken', 'հավ, աքլոր, ճուտ'),
(119, 'C', 'care', 'խնամք, ուշադրություն'),
(120, 'C', 'career', 'կարիերա, զբաղմունք, ասպարեզ'),
(121, 'C', 'careful', 'զգույշ, մանրամասն'),
(122, 'C', 'careless', 'անզգույշ, անուշադիր, անհոգ'),
(123, 'C', 'carpet', 'գորգ'),
(124, 'C', 'carrot', 'գազար'),
(125, 'C', 'carry', 'տանել, կրել, բերել'),
(126, 'C', 'cash', 'կանխիկ, քեշ, կանխիկ դրամ'),
(127, 'C', 'cast', 'նետել, գցել, շպրտել'),
(128, 'C', 'castle', 'դղյակ, ամրոց, նավակ'),
(129, 'C', 'cat', 'կատու, մտրակ'),
(130, 'C', 'cause', 'պատճառ, ստեղծել'),
(131, 'C', 'cease', 'դադարել, դադարեցնել'),
(132, 'C', 'ceiling', 'առաստաղ, առիք'),
(133, 'C', 'celebrate', 'շնորհավորել, գովել'),
(134, 'C', 'cell', 'բջիջ, բջջային, բջջային հեռախոս'),
(135, 'C', 'centre', 'կենտրոն'),
(136, 'C', 'century', 'դար, հարյուրամյակ'),
(137, 'C', 'certain', 'հաստատուն, որոշ'),
(138, 'C', 'chair', 'աթոռ, նախագահ'),
(139, 'C', 'chance', 'հավանականություն, պատահականություն'),
(140, 'C', 'channel', 'ալիք, հուն, նեղուց'),
(141, 'C', 'character', 'նշան, բնավորություն, բնութագիր'),
(142, 'C', 'charge', 'գին, տուրք, ծախս'),
(143, 'C', 'chart', 'գծապատկեր'),
(144, 'C', 'chest', 'կուրծք, կրծքավանդակ, սնդուկ'),
(145, 'C', 'chew', 'ծամել, որոճալ, խորհել'),
(146, 'C', 'chief', 'առաջնորդ, ղեկավար'),
(147, 'C', 'chocolate', 'շոկոլադ'),
(148, 'C', 'chop', 'ծնոտ, ծեծել, կտրել'),
(149, 'C', 'cinema', 'կինո, կինոթատրոն, ֆիլմ'),
(150, 'C', 'city', 'քաղաք'),
(151, 'C', 'clap', 'ծափահարել, խփել'),
(152, 'D', 'dad', 'հայրիկ, հայր'),
(153, 'D', 'damp', 'խոնավ, թաց, խեղդել'),
(154, 'D', 'dance', 'պարել, պար, ցատկել'),
(155, 'D', 'danger', 'վտանգ, սպառնալիք'),
(156, 'D', 'dark', 'մութ, խավար, մթություն'),
(157, 'D', 'data', 'տվյալ, նորություններ'),
(158, 'D', 'date', 'թվական'),
(159, 'D', 'daughter', 'աղջիկ, դուստր'),
(160, 'D', 'day', 'օր, ցերեկ, հաղթանակ'),
(161, 'D', 'dead', 'մեռած, մահ, չոր'),
(162, 'D', 'deaf', 'խուլ'),
(163, 'D', 'deal', 'բաժանել, գործարք, քանակ'),
(164, 'D', 'death', 'մահ, մահ, մեռնելը'),
(165, 'D', 'decay', 'փտել, փչանալ, նեխել'),
(166, 'D', 'device', 'սարք, սարքավորում, հարմարանք'),
(167, 'D', 'diamond', 'ադամանդ, ալմաստ'),
(168, 'D', 'dictionary', 'բառարան,  բառգիրք'),
(169, 'D', 'die', 'մեռնել, մահանալ'),
(170, 'D', 'diet', 'դիետա, սննդակարգ, կերակուր'),
(171, 'D', 'difference', 'մնացորդ, տարբերություն, վեճ'),
(172, 'D', 'different', 'տարբեր, ուրիշ'),
(173, 'D', 'difficult', 'դժվար, ծանր, բարդ'),
(174, 'D', 'dig', 'փորել, հրել'),
(175, 'D', 'dinner', 'ճաշ, ընթրիք'),
(176, 'D', 'direct', 'ուղղակի, ուղիղ'),
(177, 'D', 'dirt', 'հող, կեղտ, ցեխ'),
(178, 'D', 'dirty', 'կեղտոտ, վատ, կեղտոտել'),
(179, 'D', 'disagreement', 'վեճ, վիճաբանություն'),
(180, 'D', 'disc', 'սկավառակ'),
(181, 'D', 'discipline', 'կարգապահություն, կարգ'),
(182, 'D', 'discount', 'զեղչ'),
(183, 'D', 'discovery', 'հայտնագործություն, բացահայտում'),
(184, 'D', 'discussion', 'քննարկում, վիճաբանություն, բանավեճ'),
(185, 'D', 'dish', 'ուտեստ, ափսե'),
(186, 'D', 'display', 'մոնիտոր, էկրան, դիսփլեյ'),
(187, 'D', 'distribution', 'բաշխում, տարածում, բաժանում'),
(188, 'D', 'dot', 'կետ'),
(189, 'D', 'down', 'ներքեւ, ցած'),
(190, 'D', 'drag', 'քաշել, ձգել'),
(191, 'D', 'draw', 'նկարել'),
(192, 'D', 'dream', 'երազ, երազանք'),
(193, 'D', 'dress', 'զգեստ, հագուստ, հագնվել'),
(194, 'D', 'drink', 'խմել, խմիչք'),
(195, 'D', 'drive', 'քշել, վարել'),
(196, 'D', 'drop', 'գցել, կորցնել'),
(197, 'D', 'dry', 'չոր, չորանալ, ցամաք'),
(198, 'D', 'dust', 'փոշի, հող'),
(199, 'D', 'duty', 'պարտք, հերթափոխ, հերթափոխ'),
(200, 'D', 'dump', 'աղբանոց, դատարկել, թափել'),
(201, 'D', 'door', 'դուռ'),
(202, 'E', 'ear', 'ականջ, հասկ'),
(203, 'E', 'eye', 'աչք, ակն'),
(204, 'E', 'early', 'վաղ, շուտ'),
(205, 'E', 'earth', 'հող, երկիր, գետին'),
(206, 'E', 'ease', 'հանգիստ, թեթեւացնել'),
(207, 'E', 'easy', 'հեշտ, թեթեւ'),
(208, 'E', 'eat', 'ուտել'),
(209, 'E', 'edge', 'ծայր, կողմ, եզր'),
(210, 'E', 'education', 'կրթություն, ուսում, դաստիարակություն'),
(211, 'E', 'effect', 'արդյունք, ազդեցություն, երեւույթ'),
(212, 'E', 'effort', 'ջանք, փորձ, ճիգ'),
(213, 'E', 'egg', 'ձու, հավկիթ, հավկիթ'),
(214, 'E', 'either', 'կամ, նույնպես'),
(215, 'E', 'election', 'ընտրություն'),
(216, 'E', 'electric', 'էլեկտրական'),
(217, 'E', 'element', 'տարր, հիմունք'),
(218, 'E', 'else', 'նաեւ, ուրիշ'),
(219, 'E', 'emerge', 'երեւալ, երեւիլ, հայտնվել'),
(220, 'E', 'emotion', 'զգացմունք, հույզեր'),
(221, 'E', 'empire', 'կայսրություն, պետություն'),
(222, 'E', 'employee', 'աշխատող'),
(223, 'E', 'empty', 'դատարկել, թափել, դատարկ'),
(224, 'E', 'end', 'վերջ, ծայր, վերջանալ'),
(225, 'E', 'enemy', 'թշնամի, ոսոխ'),
(226, 'E', 'energy', 'էներգիա, ուժ, եռանդ'),
(227, 'E', 'engineer', 'ինժեներ, ճարտարագետ, կառուցել'),
(228, 'E', 'enquiry', 'հարց,  խնդիր, ուսումնասիրություն'),
(229, 'E', 'enter', 'մտնել, մուտք գործել, սկսել'),
(230, 'E', 'entertain', 'զվարճացնել, հյուրասիրել, զվարճություն պատճառել'),
(231, 'E', 'enthusiasm', 'խանդավառություն'),
(232, 'E', 'entire', 'ամբողջ, ողջ, սաղ'),
(233, 'E', 'equal', 'հավասար, նույն, ողորկ'),
(234, 'E', 'error', 'սխալ, մոլորություն'),
(235, 'E', 'especially', 'հատկապես, գլխավորապես'),
(236, 'E', 'essay', 'շարադրություն, էսսե, ջանք'),
(237, 'E', 'estimate', 'գնահատել, գնահատում, նախահաշիվ'),
(238, 'E', 'evening', 'երեկո, իրիկուն, երեկույթ'),
(239, 'E', 'ever', 'երբեք, միշտ, շարունակ'),
(240, 'E', 'everything', 'բոլոր, ամբողջ, ամենինչ'),
(241, 'E', 'evil', 'չար, չարիք, հանցանք'),
(242, 'E', 'experience', 'փորձ, դեպք'),
(243, 'E', 'expensive', 'թանկ, թանկագին, թանկարժեք'),
(244, 'E', 'explain', 'բացատրել, մեկնաբանել, պարզաբանել'),
(245, 'E', 'explosion', 'պայթյուն'),
(246, 'E', 'express', 'պարզ, հատուկ, ճիշտ'),
(247, 'E', 'extent', 'աստիճան, չափ, տարածում'),
(248, 'E', 'expert', 'փոձագետ'),
(249, 'E', 'expectation', 'սպասում, հույս, ապավեն'),
(250, 'E', 'exhibition', 'ցուցահանդես, ցույց'),
(251, 'E', 'exercise', 'վարժություն'),
(252, 'F', 'face', 'դեմք, երես'),
(253, 'F', 'fact', 'փաստ, ճշմարտություն, տվյալ'),
(254, 'F', 'factor', 'ուժ'),
(255, 'F', 'factory', 'գործարան, ֆաբրիկա'),
(256, 'F', 'failure', 'ձախողում'),
(257, 'F', 'faint', 'տկար, նվաղել, աղոտ'),
(258, 'F', 'fair', 'արդար, ազնիվ'),
(259, 'F', 'fall', 'ընկնել, անկում, թափվել'),
(260, 'F', 'false', 'կեղծ, սխալ, սուտ'),
(261, 'F', 'fame', 'համբավ'),
(262, 'F', 'familiar', 'ծանոթ, մտերիմ'),
(263, 'F', 'family', 'ընտանիք, ցեղ'),
(264, 'F', 'famous', 'նշանավոր, հայտնի, հրաշալի'),
(265, 'F', 'fan', 'երկրպագու'),
(266, 'F', 'far', 'հեռու, հեռու, հեռավոր'),
(267, 'F', 'farm', 'ֆերմա, ագարակ, տնտեսություն'),
(268, 'F', 'fast', 'արագ, արագորեն, հաճախակի'),
(269, 'F', 'fat', 'ճարպ, գեր, չաղ'),
(270, 'F', 'father', 'հայր, պապա, հայրիկ'),
(271, 'F', 'faucet', 'ծորակ'),
(272, 'F', 'favour', 'շնորհ, լավություն'),
(273, 'F', 'fear', 'վախ, վախենալ, երկյուղ'),
(274, 'F', 'feather', 'փետուր'),
(275, 'F', 'feature', 'յուրահատկություն'),
(276, 'F', 'fee', 'վարձ, վարձատրություն'),
(277, 'F', 'feel', 'զգալ, շոշափել, համարել'),
(278, 'F', 'female', 'իգական, կին'),
(279, 'F', 'fence', 'ցանկապատ'),
(280, 'F', 'fetch', 'բերել, գրավել, առաջացնել'),
(281, 'F', 'fever', 'ջերմություն, տենդ, տաքություն'),
(282, 'F', 'field', 'դաշտ, արտ, հանդ'),
(283, 'F', 'fight', 'կռվել, պայքար, պայքարել'),
(284, 'F', 'figure', 'պատկեր, թիվ, անձնավորություն'),
(285, 'F', 'file', 'ֆայլ'),
(286, 'F', 'final', 'վերջին, ավարտ, վճռական'),
(287, 'F', 'fine', 'լավ, հիանալի, մանր'),
(288, 'F', 'finger', 'մատ, նվագել'),
(289, 'F', 'fire', 'կրակ, հուր, հրդեհ'),
(290, 'F', 'firm', 'պինդ, անսասան, հաստատուն, վճռական'),
(291, 'F', 'first', 'առաջին, նախ, սկզբում'),
(292, 'F', 'fish', 'ձուկ, ծուկ'),
(293, 'F', 'fit', 'սազել, համապատասխանել'),
(294, 'F', 'fix', 'սարքել, ամրացնել, ուղղել'),
(295, 'F', 'flag', 'դրոշ, դրոշակ'),
(296, 'F', 'flash', 'կայծակ, փայլատակել'),
(297, 'F', 'flavour', 'բույր, բուրմունք, համ'),
(298, 'F', 'floor', 'հատակ, հարկ, գետին, հատակ'),
(299, 'F', 'flour', 'ալյուր, փոշի'),
(300, 'F', 'flower', 'ծաղիկ'),
(301, 'F', 'flu', 'գրիպ'),
(302, 'G', 'gain', 'ստանալ, շահիլ, օգուտ'),
(303, 'G', 'game', 'խաղ'),
(304, 'G', 'gap', 'ծակ, թերություն'),
(305, 'G', 'garage', 'գարաժ, ավտոտնակ'),
(306, 'G', 'garbage', 'աղբ, փորոտիք'),
(307, 'G', 'garden', 'այգի, պարտեզ, զբոսայգի'),
(308, 'G', 'gas', 'գազ, բենզին'),
(309, 'G', 'general', 'զորավար, գլխավոր'),
(310, 'G', 'generous', 'առատաձեռն, շռայլ'),
(311, 'G', 'gentleman', 'ջենտլմեն, ազնվական'),
(312, 'G', 'geography', 'աշխարհագրություն'),
(313, 'G', 'get', 'դառնալ, բերել, սկսել'),
(314, 'G', 'gift', 'նվեր, ընծա, ձիրք'),
(315, 'G', 'girl', 'աղջիկ, օրիորդ'),
(316, 'G', 'girlfriend', 'ընկերուհի'),
(317, 'G', 'give', 'տալ, հատկացնել'),
(318, 'G', 'glass', 'բաժակ, ապակի'),
(319, 'G', 'glue', 'սոսինձ, կպցնել'),
(320, 'G', 'go', 'գնալ'),
(321, 'G', 'god', 'աստված, կուռք'),
(322, 'G', 'gold', 'ոսկի, ոսկեգույն'),
(323, 'G', 'good', 'լավ, բարի'),
(324, 'G', 'goodbye', 'ցտեսություն, հաջողություն'),
(325, 'G', 'govern', 'կառավարել, պահանջել'),
(326, 'G', 'grab', 'բռնել, հափշտակում'),
(327, 'G', 'grade', 'գնահատական, թվանշան'),
(328, 'G', 'grain', 'հատիկ, հացահատիկ'),
(329, 'G', 'gram', 'գրամ'),
(330, 'G', 'grammar', 'քերականություն'),
(331, 'G', 'grandchild', 'թոռ, թոռնիկ'),
(332, 'G', 'grandfather', 'պապ, պապիկ'),
(333, 'G', 'grandmother', 'տատ, տատիկ'),
(334, 'G', 'grass', 'խոտ, արոտ'),
(335, 'G', 'grave', 'գերեզման, մահ'),
(336, 'G', 'great', 'մեծ, հոյակապ'),
(337, 'G', 'green', 'կանաչ'),
(338, 'G', 'grey', 'մոխրագույն, գորշ, մռայլ'),
(339, 'G', 'ground', 'գետին, հիմք, հող'),
(340, 'G', 'group', 'խումբ'),
(341, 'G', 'grow', 'աճել'),
(342, 'G', 'growth', 'աճ'),
(343, 'G', 'guard', 'պահպանել, պահակ'),
(344, 'G', 'guess', 'գուշակել, կարծիք'),
(345, 'G', 'guest', 'հյուր, հաճախորդ'),
(346, 'G', 'guide', 'ուղեցույց, գիդ'),
(347, 'G', 'guilty', 'հանցագործ'),
(348, 'G', 'gun', 'ատրճանակ, զենք, հրացան'),
(349, 'G', 'guy', 'մարդ, տղա, տղամարդ'),
(350, 'G', 'glad', 'ուրախ, խնդում'),
(351, 'G', 'genuine', 'անկեղծ, իսկական'),
(402, 'H', 'habit', 'սովորություն, սովորույթ, հագուստ'),
(403, 'H', 'hair', 'մազ, մազեր'),
(404, 'H', 'hairdresser', 'վարսավիր, սափրիչ'),
(405, 'H', 'half', 'կես, կիսամյակ, մաս'),
(406, 'H', 'hall', 'սրահ, միջանցք, դահլիճ'),
(407, 'H', 'hammer', 'մուրճ, մեխել, կռել'),
(408, 'H', 'hand', 'ձեռք, սլաք'),
(409, 'H', 'handle', 'բռնակ, կոթ, դիպչել'),
(410, 'H', 'happen', 'պատահել'),
(411, 'H', 'happiness', 'երջանկություն'),
(412, 'H', 'happy', 'ուրախ, երջանիկ'),
(413, 'H', 'hard', 'դժվար, ծանր, բարդ'),
(414, 'H', 'hardly', 'դժվարությամբ, ծանր'),
(415, 'H', 'harm', 'վնաս, չարիք, կորուստ'),
(416, 'H', 'harmful', 'վնասակար'),
(417, 'H', 'hat', 'գլխարկ'),
(418, 'H', 'hate', 'ատել, ատելություն'),
(419, 'H', 'hatred', 'ատելություն, թշնամություն'),
(420, 'H', 'have', 'ունենալ, ծնել'),
(421, 'H', 'he', 'նա'),
(422, 'H', 'head', 'գլուխ, ղեկավար'),
(423, 'H', 'headache', 'գլխացավ, գլխացավանք'),
(424, 'H', 'heal', 'բուժել, առողջացնել'),
(425, 'H', 'health', 'առողջություն'),
(426, 'H', 'hear', 'լսել, իմանալ'),
(427, 'H', 'heart', 'սիրտ, քաջություն'),
(428, 'H', 'heat', 'ջերմություն, տաքություն, շոգ'),
(429, 'H', 'heaven', 'երկինք, դրախտ'),
(430, 'H', 'heavy', 'ծանր, ուժեղ, հորդ'),
(431, 'H', 'heel', 'կրունկ, գարշապար, բռի'),
(432, 'H', 'height', 'բարձրություն, հասակ, գագաթ'),
(433, 'H', 'helpful', 'օգտակար'),
(434, 'H', 'hesitate', 'կակազել'),
(435, 'H', 'hero', 'հերոս, դյուցազն'),
(436, 'H', 'here', 'այստեղ, հոս, հիմա'),
(437, 'H', 'herself', 'իրեն'),
(438, 'H', 'hi', 'բարեւ, ողջույն'),
(439, 'H', 'hide', 'թաքցնել, թաքնվել, ծածկել'),
(440, 'H', 'high', 'բարձր, ուռած, վեհ'),
(441, 'H', 'hill', 'բլուր, բարձունք, թումբ'),
(442, 'H', 'him', 'նրան, իրեն, նրա'),
(443, 'H', 'hip', 'բուդ, ազդր, կոնք'),
(444, 'H', 'historical', 'պատմական'),
(445, 'H', 'history', 'պատմություն'),
(446, 'H', 'hit', 'հարվածել, խփել, դիպչել'),
(447, 'H', 'hobby', 'հոբբի'),
(448, 'H', 'hole', 'ծակ, անցք, փոս'),
(449, 'H', 'home', 'տուն, կացարան, հայրենիք'),
(450, 'H', 'honest', 'ազնիվ, անկեղծ, իսկական'),
(451, 'H', 'hot', 'տաք, շոգ, թեժ'),
(452, 'I', 'i', 'ես'),
(453, 'I', 'ice', 'սառույց, պաղպաղակ '),
(454, 'I', 'idea', 'գաղափար, միտք'),
(455, 'I', 'ideal', 'կատարյալ, իդեալ'),
(456, 'I', 'identify', 'ճանաչել, նույնականացնել, անհատականություն'),
(457, 'I', 'if', 'եթե, երբ, որ'),
(458, 'I', 'ignore', 'անտեսել, արհամարհել, մերժել'),
(459, 'I', 'illegal', 'անօրինական, անծանոթ'),
(460, 'I', 'illness', 'հիվանդություն, անառողջություն, ախտ'),
(461, 'I', 'illustrate', 'բացատրել, նկարել, լուսավորել'),
(462, 'I', 'image', 'պատկեր, նկար'),
(463, 'I', 'imagination', 'երեւակայություն, մտապատկեր'),
(464, 'I', 'immoral', 'անառակ'),
(465, 'I', 'impact', 'հարված, ազդեցություն, ներգործություն'),
(466, 'I', 'imply', 'նշանակել'),
(467, 'I', 'import', 'ներմուծել, իմաստ'),
(468, 'I', 'importance', 'կարեւորություն'),
(469, 'I', 'important', 'կարեւոր'),
(470, 'I', 'impossible', 'անտանելի, անհնարին'),
(471, 'I', 'improve', 'բարելավել, լավացնել, կատարելագործել'),
(472, 'I', 'inability', 'անընունակություն, անկարողություն'),
(473, 'I', 'inch', 'դյույմ'),
(474, 'I', 'incident', 'դեպք, դիպված, պատահար'),
(475, 'I', 'include', 'պարունակել, մտցնել'),
(476, 'I', 'income', 'եկամուտ, հասույտ'),
(477, 'I', 'increase', 'ավելացնել, մեծացնել, բազմապատկել'),
(478, 'I', 'indeed', 'իսկապես, իրոք'),
(479, 'I', 'independence', 'անկախություն, ինքնուրույնություն'),
(480, 'I', 'index', 'ինդեքս, ցանկ'),
(481, 'I', 'indicate', 'նշել, նշանակել'),
(482, 'I', 'indication', 'ցուցմունք, հրահանգ, նշում'),
(483, 'I', 'indirect', 'անուղղակի'),
(484, 'I', 'individual', 'եզակի, առանձին'),
(485, 'I', 'infect', 'թունավորել, վառել, վարակ'),
(486, 'I', 'inform', 'տեղեկացնել'),
(487, 'I', 'initial', 'սկզբնատառ, նախնական'),
(488, 'I', 'injure', 'վնասել, ցավեցնել, վիրավորել'),
(489, 'I', 'ink', 'թանաք, ներկ'),
(490, 'I', 'insect', 'միջատներ, միջատ'),
(491, 'I', 'insert', 'դնել, զետեղել, ներդիր'),
(492, 'I', 'insist', 'պնդել'),
(493, 'I', 'install', 'տեղադրել, հաստատել'),
(494, 'I', 'instrument', 'գործիք, երաժշտական գործիք'),
(495, 'I', 'insult', 'վիրավորանք, անարգանք'),
(496, 'I', 'intelligent', 'խելացի, խելոք'),
(497, 'I', 'interest', 'հետաքրքրել, տոկոս, օգուտ'),
(498, 'I', 'invest', 'դնել, ներդնել, հագցնել'),
(499, 'I', 'invite', 'հրավիրել, կանչել, խնդրել'),
(500, 'I', 'iron', 'երկաթ, երկաթե'),
(501, 'I', 'item', 'միավոր, հոդված'),
(502, 'J', 'jab', 'հրել, խփել'),
(503, 'J', 'jack', 'վալետ, բույն, տղամարդ'),
(504, 'J', 'jaguar', 'յագուար'),
(505, 'J', 'jacket', 'բաճկոն, ժակետ, կճեպ'),
(506, 'J', 'jackal', 'շնագայլ'),
(507, 'J', 'jade', 'նեֆրիտ'),
(508, 'J', 'jag', 'ծայր, գագաթ'),
(509, 'J', 'jailer', 'պահապան'),
(510, 'J', 'jail', 'բանտ, բանտարկել'),
(511, 'J', 'jam', 'ջեմ, ամբոխ, մուրաբա'),
(512, 'J', 'jamaica', 'ճամայկա'),
(513, 'J', 'jamb', 'սյուն, նեցուկ'),
(514, 'J', 'january', 'հունվար'),
(515, 'J', 'japan', 'ճապոնիա'),
(516, 'J', 'jar', 'սափոր, անոթ'),
(517, 'J', 'jay', 'ճայ'),
(518, 'J', 'jaunty', 'անհոգ'),
(519, 'J', 'jealous', 'նախանձոտ, խանդոտ, նախանձախնդիր'),
(520, 'J', 'jeer', 'ծաղրել, գրգռել'),
(521, 'J', 'jelly', 'դոնդող, սառեցնել'),
(522, 'J', 'jemmy', 'բանալ, լծակ, բացվել '),
(523, 'J', 'jerk', 'հրոց,  խորամանկություն, ցատկ'),
(524, 'J', 'jester', 'խեղկատակ, ծաղրածու, կատակասեր'),
(525, 'J', 'jesuit', 'ճիզվիտ'),
(526, 'J', 'jew', 'հրեա, եբրայեցի'),
(527, 'J', 'jetty', 'ամբարտակ, ծովապատնեշ, նավամատույց'),
(528, 'J', 'jeweller', 'ոսկերիչ, գանձ'),
(529, 'J', 'job', 'գործ, աշխատանք, պաշտոն'),
(530, 'J', 'jiff', 'վայրկյան, ակնթարթ'),
(531, 'J', 'jilt', 'լքել, գցել'),
(532, 'J', 'jinks', 'ցնծություն'),
(533, 'J', 'jog', 'հրել, հրոց, վազել'),
(534, 'J', 'jolly', 'ուրախ, զվարթ, հաճելի'),
(535, 'J', 'journalist', 'լրագրող, թղթակից'),
(536, 'J', 'judgement', 'դատողություն, պատիժ'),
(537, 'J', 'juicy', 'հյութեղ, խոնավ'),
(538, 'J', 'july', 'հուլիս'),
(539, 'J', 'juror', 'դատավոր , մրցավար, անձ'),
(540, 'J', 'just', 'ուղղակի, արդար, նոր'),
(541, 'J', 'jungle', 'ջունգլի'),
(542, 'J', 'junior', 'կրտսեր'),
(543, 'J', 'junk', 'թափոն, կոճղ, անպիտան'),
(544, 'J', 'junket', 'խնջույք'),
(545, 'J', 'jurist', 'իրավաբան, փաստաբան'),
(546, 'J', 'jury', 'դատարան, մրցավար'),
(547, 'J', 'justice', 'արդարություն'),
(548, 'J', 'jut', 'ելնել'),
(549, 'J', 'juvenile', 'պատանի'),
(550, 'J', 'juxtaposition', 'դրվագ, համեմատել, թաղ'),
(551, 'J', 'jazz', 'ջազ'),
(552, 'K', 'keen', 'սուր'),
(553, 'K', 'keep', 'պահել, պահպանել, շարունակել'),
(554, 'K', 'key', 'բանալի, ստեղն, առանցքային'),
(555, 'K', 'keyboard', 'ստեղնաշար'),
(556, 'K', 'kick', 'հարված, մեռնել, մահանալ'),
(557, 'K', 'kid', 'երեխա, բալիկ'),
(558, 'K', 'kill', 'սպանել, սպանություն'),
(559, 'K', 'kilogram', 'կիլոգրամ'),
(560, 'K', 'kilometre', 'կիլոմետր'),
(561, 'K', 'kind', 'բարի'),
(562, 'K', 'kindness', 'բարիք, շնորհ, շնորհ'),
(563, 'K', 'king', 'արքա'),
(564, 'K', 'kiss', 'համբուրել, համբուրվել'),
(565, 'K', 'kitchen', 'խոհանոց'),
(566, 'K', 'knee', 'ծունկ, արմունկ'),
(567, 'K', 'knife', 'դանակ'),
(568, 'K', 'knit', 'կապել, գործել, հյուսել'),
(569, 'K', 'knock', 'բախել, բաբախել'),
(570, 'K', 'knot', 'հանգույց, կապ'),
(571, 'K', 'know', 'իմանալ, գիտենալ, ճանաչել'),
(572, 'K', 'knowledge', 'գիտելիք, իմացություն'),
(573, 'K', 'kale', 'կաղամբ, փող'),
(574, 'K', 'kangaroo', 'կենգուրու, ագեվազ'),
(575, 'K', 'ken', 'գիտելիք, ճանաչել'),
(576, 'K', 'kipper', 'ոռատու, մարդ'),
(577, 'K', 'kefir', 'կեֆիր'),
(578, 'K', 'keepsake', 'հուշանվեր'),
(579, 'K', 'keg', 'տակառիկ'),
(580, 'K', 'ketchup', 'կետչուպ'),
(581, 'K', 'kite', 'օդապարուկ, ցին'),
(582, 'K', 'kitten', 'կատու, փիսիկ'),
(583, 'K', 'knavery', 'խաբեբայություն, խարդախություն'),
(584, 'K', 'knot', 'հանգույց, կապ, կապոց'),
(585, 'K', 'knout', 'մտրակ'),
(586, 'K', 'known', 'ծանոթ'),
(587, 'K', 'kilt', 'կարճ ծալավոր շրջազգեստ'),
(588, 'K', 'kidney', 'երիկամ'),
(589, 'K', 'bean', 'լոբի'),
(590, 'K', 'kestrel', ' բազե'),
(591, 'K', 'kerosene', 'նավթ, կերոսին'),
(592, 'K', 'kinddergarten', 'մանկապարտեզ'),
(593, 'L', 'lab', 'լաբորատորիա'),
(594, 'L', 'label', 'պիտակ'),
(595, 'L', 'labour', 'աշխատանք, ծննդաբերություն, երկունք'),
(596, 'L', 'lack', 'պակաս, կարիք ունենալ'),
(597, 'L', 'lady', 'տիկին, կին'),
(598, 'L', 'lake', 'լիճ'),
(599, 'L', 'lamp', 'լամպ, ճրագ, լուսավորել, լապտեր'),
(600, 'L', 'land', 'երկիր, աշխարհ, ցամաք'),
(601, 'L', 'landscape', 'հորիզոնական'),
(602, 'L', 'lane', 'փողոց, նրբանցք, բացվածք'),
(603, 'L', 'language', 'լեզու'),
(604, 'L', 'large', 'մեծ, խոշոր, լայն'),
(605, 'L', 'last', 'վերջին, տեւել, վերջում'),
(606, 'L', 'late', 'ուշ, ողորմածիկ, վերջերս'),
(607, 'L', 'latter', 'վերջին'),
(608, 'L', 'laugh', 'ծիծաղել'),
(609, 'L', 'launch', 'սկսել, արձակել'),
(610, 'L', 'law', 'օրենք, իրավունք, դատ'),
(611, 'L', 'lawyer', 'փաստաբան, իրավաբան, դատապաշտպան'),
(612, 'L', 'lay', 'պառկել, դնել, շինել, տապալել'),
(613, 'L', 'layer', 'շերտ'),
(614, 'L', 'lazy', 'ծույլ, ալարկատ'),
(615, 'L', 'lead', 'կապար, տանել, արճիճ'),
(616, 'L', 'leader', 'առաջնորդ, ղեկավար, գլխավոր'),
(617, 'L', 'leaf', 'տերեւ, էջ, թերթ, փեղկ'),
(618, 'L', 'league', 'լիգա, լիգա, միություն'),
(619, 'L', 'lean', 'նիհար, հենվել, թեքվել'),
(620, 'L', 'learn', 'ուսանել, սովորել, իմանալ, ուսուցանել'),
(621, 'L', 'least', 'փոքր, հանած ,  քիչ'),
(622, 'L', 'leather', 'կաշի, մաշկ'),
(623, 'L', 'leave', 'թողնել, լքել, մեկնել'),
(624, 'L', 'lecture', 'դասախոսություն, դասախոսել, խոսք'),
(625, 'L', 'left', 'ձախ, մնացած'),
(626, 'L', 'leg', 'ոտք, հենարան'),
(627, 'L', 'legal', 'իրավական, օրինական, լեգալ'),
(628, 'L', 'lemon', 'կիտրոն, լիմոն'),
(629, 'L', 'lend', 'տալ'),
(630, 'L', 'length', 'երկարություն, հեռավորություն'),
(631, 'L', 'less', 'քիչ, հանած, առանց'),
(632, 'L', 'lesson', 'դաս'),
(633, 'L', 'let', 'թույլատրել'),
(634, 'L', 'letter', 'նամակ, տառ, գիր'),
(635, 'L', 'level', 'մակարդակ, հարկ, հարթաչափ'),
(636, 'L', 'library', 'գրադարան, դարան'),
(637, 'L', 'lot', 'շատ, վիճակ'),
(638, 'L', 'low', 'ցածրահասակ, ցածր, թույլ'),
(639, 'L', 'lucky', 'բախտավոր, հաջող'),
(640, 'L', 'lump', 'գունդ, կույտ, կտոր'),
(641, 'L', 'lunch', 'լանչ, ճաշ'),
(642, 'L', 'lung', 'թոք, թոքեր'),
(643, 'M', 'machine', 'մեքենա, մեխանիզմ'),
(644, 'M', 'mad', 'խենթ, գիժ, խելագար'),
(645, 'M', 'magazine', 'ամսագիր, հանդես'),
(646, 'M', 'magic', 'մոգություն, աճպարարություն, կախարդություն'),
(647, 'M', 'mail', 'փոստ'),
(648, 'M', 'main', 'գլխավոր, հիմնական'),
(649, 'M', 'maintain', 'պահպանել, շարունակել'),
(650, 'M', 'major', 'մեծ, գլխավոր'),
(651, 'M', 'majority', 'մեծամասնություն, չափահասություն'),
(652, 'M', 'make', 'ստեղծել, պատրաստել, սարքել'),
(653, 'M', 'male', 'արական'),
(654, 'M', 'mall', 'առեւտրի կենտրոն'),
(655, 'M', 'man', 'տղամարդ, ծառա'),
(656, 'M', 'manage', 'վարել, կառավարել'),
(657, 'M', 'management', 'կառավարիչ'),
(658, 'M', 'many', 'շատ, բազում'),
(659, 'M', 'map', 'քարտեզ, պլան'),
(660, 'M', 'march', 'երթ, քայլերգ'),
(661, 'M', 'mark', 'նշան, մարկ'),
(662, 'M', 'market', 'շուկա'),
(663, 'M', 'marriage', 'ամուսնություն, հարսանիք'),
(664, 'M', 'mass', 'զանգված'),
(665, 'M', 'match', 'մրցամարտ'),
(666, 'M', 'material', 'նյութական, կարեւոր'),
(667, 'M', 'matter', 'թեմա, մատերիա'),
(668, 'M', 'may', 'մայիս'),
(669, 'M', 'maybe', 'միգուցե, գուցե'),
(670, 'M', 'me', 'ինձ, ես'),
(671, 'M', 'mean', 'միջին, զզվելի'),
(672, 'M', 'measure', 'չափել, չափս'),
(673, 'M', 'meet', 'հանդիպել, հավաքվել'),
(674, 'M', 'meat', 'միս'),
(675, 'M', 'medical', 'բժշկական'),
(676, 'M', 'medium', 'միջին, միջոց'),
(677, 'M', 'memory', 'հիշողություն, հիշատակ'),
(678, 'M', 'mental', 'մտավոր'),
(679, 'M', 'mention', 'նշել, ակնարկ'),
(680, 'M', 'menu', 'ճաշացուցակ'),
(681, 'M', 'mere', 'լիճ'),
(682, 'M', 'message', 'հաղորդագրություն'),
(683, 'M', 'metre', 'մետր'),
(684, 'M', 'mile', 'մղոն'),
(685, 'M', 'milk', 'կաթ'),
(686, 'M', 'mine', 'հանք'),
(687, 'M', 'minister', 'նախարար, ծառայել'),
(688, 'M', 'minor', 'անչափահաս'),
(689, 'M', 'mirror', 'հայելի'),
(690, 'M', 'mixture', 'խառնուրդ'),
(691, 'M', 'mobile', 'բջջային'),
(692, 'M', 'mom', 'մայրիկ'),
(693, 'N', 'name', 'անուն, կոչել'),
(694, 'N', 'naked', 'մերկ, լերկ'),
(695, 'N', 'nail', ' եղունգ, մեխ'),
(696, 'N', 'narrow', 'նեղ'),
(697, 'N', 'nation', ' ազգ, ժողովուրդ, երկիր'),
(698, 'N', 'national', ' ազգային'),
(699, 'N', 'natural', ' բնական, սովորական'),
(700, 'N', 'nature', ' բնություն'),
(701, 'N', 'near', 'մոտ, մոտակայքում'),
(702, 'N', 'nearly', ' գրեթե, համարյա'),
(703, 'N', 'neat', ' կոկիկ, մաքուր'),
(704, 'N', 'necessary', 'անհրաժեշտ, հարկավոր, անխուսափելի'),
(705, 'N', 'neck', 'վիզ, պարանոց'),
(706, 'N', 'need', 'կարիք, անհրաժեշտություն'),
(707, 'N', 'needle', 'ասեղ, փուշ'),
(708, 'N', 'negative', 'ժխտական, բացասական'),
(709, 'N', 'neighbour', ' հարեւան'),
(710, 'N', 'neighbourhood', 'թաղ'),
(711, 'N', 'neither', 'ոչ'),
(712, 'N', 'nephew', ' զարմիկ'),
(713, 'N', 'nerve', 'նյարդ'),
(714, 'N', 'nest', 'բույն'),
(715, 'N', 'net', 'ցանց'),
(716, 'N', 'never', 'երբեք, բնավ'),
(717, 'N', 'new', ' նոր, թարմ'),
(718, 'N', 'newly', 'վերջերս, կրկին'),
(719, 'N', 'navy', 'Ռազմածովային նավատորմ'),
(720, 'N', 'news', 'news, նորություններ'),
(721, 'N', 'newspaper', 'թերթ, լրագիր'),
(722, 'N', 'next', 'հետո'),
(723, 'N', 'nice', 'բարի, հաճելի'),
(724, 'N', 'night', 'գիշեր'),
(725, 'N', 'nobody', 'ոչ ոք'),
(726, 'N', 'noise', 'աղմուկ'),
(727, 'N', 'normal', 'նորմալ'),
(728, 'N', 'not', 'ոչ'),
(729, 'N', 'notice', 'ծանուցում'),
(730, 'N', 'novel', 'վեպ'),
(731, 'N', 'november', 'նոյեմբեր'),
(732, 'N', 'nuclear', ' ատոմ, Միջուկային զենք'),
(733, 'N', 'number', 'թիվ'),
(734, 'N', 'nurse', 'բուժքույր'),
(735, 'N', 'nut', 'ընկույզ'),
(736, 'N', 'nursery', 'մանկապարտեզ'),
(737, 'N', 'nun', 'միանձնուհի'),
(738, 'N', 'nose', 'քիթ'),
(739, 'N', 'nosy', ' անուշահոտ'),
(740, 'N', 'notion', 'գաղափար'),
(741, 'N', 'noun', 'գոյական'),
(742, 'N', 'nourish', 'կերակրել'),
(743, 'O', 'object', 'օբյեկտ, իր'),
(744, 'O', 'obey', 'ենթարկվել, հնազանդվել'),
(745, 'O', 'objective', 'նպատակ'),
(746, 'O', 'observation', 'դիտողություն'),
(747, 'O', 'observe', 'դիտել, նայել'),
(748, 'O', 'obtain', 'ստանալ, ձեռք բերել'),
(749, 'O', 'obvious', 'ակնհայտ, պարզ'),
(750, 'O', 'occasion', 'դեպք, պատճառ, առիթ'),
(751, 'O', 'occupy', ' գրավել, զբաղեցնել'),
(752, 'O', 'occur', 'պատահել, հանդիպել'),
(753, 'O', 'ocean', 'օվկիանոս'),
(754, 'O', 'october', 'հոկտեմբեր'),
(755, 'O', 'odd', 'տարօրինակ'),
(756, 'O', 'of', 'մասին'),
(757, 'O', 'offence', 'հանցագործություն'),
(758, 'O', 'off', 'ազատ'),
(759, 'O', 'offensive', 'գրոհ, հարձակողական'),
(760, 'O', 'offer', 'առաջարկ'),
(761, 'O', 'office', 'գրասենյակ'),
(762, 'O', 'officer', 'սպա'),
(763, 'O', 'official', 'պաշտոնյա, պաշտոնական անձ'),
(764, 'O', 'often', 'հաճախ'),
(765, 'O', 'oil', 'յուղ, ձեթ, նավթ'),
(766, 'O', 'old', 'հին, ծեր, տարեց '),
(767, 'O', 'on', 'վրա'),
(768, 'O', 'ok', 'լավ'),
(769, 'O', 'once', 'երբ'),
(770, 'O', 'one', 'մեկ, առաջին'),
(771, 'O', 'onion', 'սոխ'),
(772, 'O', 'only', 'միայն, միակ, մենակ'),
(773, 'O', 'onto', 'վրա'),
(774, 'O', 'open', 'բաց, բացել'),
(775, 'O', 'operate', 'կառավարել, գործել'),
(776, 'O', 'operation', 'վիրահատություն, գործողություն'),
(777, 'O', 'opinion', 'կարծիք'),
(778, 'O', 'opponent', 'հակառակորդ'),
(779, 'O', 'opportunity', 'հնարավորություն'),
(780, 'O', 'opposite', 'դեմ, հակառակ'),
(781, 'O', 'opposition', 'ընդդիմություն, դիմադրություն'),
(782, 'O', 'option', 'ընտրանք'),
(783, 'O', 'or', 'կամ'),
(784, 'O', 'orange', 'նարինջ'),
(785, 'O', 'order', 'պատվեր'),
(786, 'O', 'ordinary', 'սովորական, հասարակ'),
(787, 'O', 'organ', 'օրգան'),
(788, 'O', 'organization', 'կազմակերպություն'),
(789, 'O', 'origin', 'ծագում'),
(790, 'O', 'our', 'մեր'),
(791, 'O', 'owner', 'սեփականատեր'),
(792, 'O', 'overall', 'ընդհանուր'),
(793, 'P', 'person', 'անձ, անձնավորություն'),
(794, 'P', 'pace', 'արագություն, քայլ'),
(795, 'P', 'package', 'փաթեթ, կապոց, ծրար'),
(796, 'P', 'page', 'էջ'),
(797, 'P', 'pain', 'ցավ, տանջանք, պատժել'),
(798, 'P', 'painful', 'հիվանդագին, ցավոտ'),
(799, 'P', 'paint', 'ներկել, ներկ, նկարել'),
(800, 'P', 'pair', 'զույգ'),
(801, 'P', 'palace', 'պալատ, դղյակ, առանձնատուն'),
(802, 'P', 'pan', 'թավա, կաթսա'),
(803, 'P', 'panel', 'հայելի, վահան'),
(804, 'P', 'pants', 'տաբատ'),
(805, 'P', 'paper', 'թուղթ, թերթ'),
(806, 'P', 'parallel', 'զուգահեռ, զուգահեռական'),
(807, 'P', 'parent', 'ծնող'),
(808, 'P', 'park', 'այգի'),
(809, 'P', 'parliament', 'խորհրդարան'),
(810, 'P', 'particular', 'բացառիկ, հատուկ'),
(811, 'P', 'partly', 'մասամբ'),
(812, 'P', 'partner', 'ամուսին, գործընկեր'),
(813, 'P', 'partnership', 'ընկերակցություն, գործընկերություն'),
(814, 'P', 'party', 'երեկույթ'),
(815, 'P', 'pass', 'անցնել'),
(816, 'P', 'passenger', 'ուղեւոր'),
(817, 'P', 'passport', 'անձնագիր'),
(818, 'P', 'past', 'անցյալ'),
(819, 'P', 'path', ' ուղի , ճանապարհ'),
(820, 'P', 'patience', 'համբերություն'),
(821, 'P', 'pattern', 'նմուշ, ձեւանմուշ, նախշ'),
(822, 'P', 'pause', 'դադար'),
(823, 'P', 'pay', 'վճարել, վարձ'),
(824, 'P', 'peace', 'խաղաղություն, հանդարտություն'),
(825, 'P', 'pen', 'գրիչ'),
(826, 'P', 'pencil', 'մատիտ, վրձին'),
(827, 'P', 'pension', 'թոշակ'),
(828, 'P', 'people', 'ժողովուրդ'),
(829, 'P', 'pepper', 'բիբար, պղպեղ'),
(830, 'P', 'perfect', 'կատարյալ'),
(831, 'P', 'perhaps', 'երեւի, գուցե'),
(832, 'P', 'period', 'վերջակետ, պարբերություն'),
(833, 'P', 'permanent', 'մշտական, անընդհատ'),
(834, 'P', 'permission', 'թույլտվություն'),
(835, 'P', 'personality', 'անհատականություն'),
(836, 'P', 'persuade', 'համոզել'),
(837, 'P', 'pet', 'ընտանի կենդանի'),
(838, 'P', 'petrol', 'բենզին'),
(839, 'P', 'phone', 'հեռախոս'),
(840, 'P', 'photograph', 'լուսանկարիչ'),
(841, 'P', 'picture', 'նկար, պատկեր'),
(842, 'P', 'pig', 'խոզ'),
(843, 'Q', 'qualification', 'դիպլոմ, որակավորում'),
(844, 'Q', 'quadrange', 'քառանկյուն'),
(845, 'Q', 'quagmire', 'ճահիճ, ճահճուտ'),
(846, 'Q', 'quake', 'երկրաշարժ'),
(847, 'Q', 'quaker', ' վախկոտ'),
(848, 'Q', 'qualify', 'գնահատել'),
(849, 'Q', 'quality', 'որակ'),
(850, 'Q', 'quantity', 'քանակ'),
(851, 'Q', 'quarantine', 'կարանտին'),
(852, 'Q', 'quarrel', 'կռիվ, վեճ'),
(853, 'Q', 'quarter', 'քառորդ'),
(854, 'Q', 'quasi', 'համարյա'),
(855, 'Q', 'quash', 'ջնջել'),
(856, 'Q', 'quay', 'նավահանգիստ'),
(857, 'Q', 'quest', 'փնտրել'),
(858, 'Q', 'queue', 'հերթ'),
(859, 'Q', 'quick', 'արագ'),
(860, 'Q', 'quicksilver', 'սնդիկ'),
(861, 'Q', 'quiettude', 'հանգիստ'),
(862, 'Q', 'queasiness', 'սրտխառնուկ, թանձրություն'),
(863, 'Q', 'querulous', 'նեղացկոտ'),
(864, 'Q', 'query', 'հարցում, հարց'),
(865, 'Q', 'quest', 'փնտրել, որոնել'),
(866, 'Q', 'queue', 'հերթ'),
(867, 'Q', 'quibble', 'բառախաղ'),
(868, 'Q', 'quid', 'ֆունտ'),
(869, 'Q', 'quilt', ' ծածկոց, վերմակ'),
(870, 'Q', 'quince', 'սերկեւիլ'),
(871, 'Q', 'quod', 'բանտ'),
(872, 'Q', 'quinine', 'քինին'),
(873, 'Q', 'quinsy', 'Նշիկաբորբ'),
(874, 'Q', 'quip', 'կատակ, անեկդոտ'),
(875, 'Q', 'quit', 'դադարեցնել, լքել'),
(876, 'Q', 'quite', 'միանգամայն, ամբողջովին'),
(877, 'Q', 'quiver', 'ցնցվել, դող'),
(878, 'Q', 'quixotic', 'ռոմանտիկ, իդեալիստ'),
(879, 'Q', 'quiz', 'վիկտորինա'),
(880, 'Q', 'quondam', ' անցած, հին'),
(881, 'Q', 'quorium', ' քվորում'),
(882, 'Q', 'quota', ' մաս, բաժին'),
(883, 'Q', 'quotation', 'մեջբերում, քաղվածք'),
(884, 'Q', 'queen', ' թագուհի'),
(885, 'Q', 'quasiparticle', 'Քվազիմասնիկներ'),
(886, 'Q', 'quench', 'խեղդել'),
(887, 'Q', 'question', 'հարց'),
(888, 'Q', 'questionable', 'կասկածելի'),
(889, 'Q', 'questionnaire', 'հարցաթերթիկ'),
(890, 'R', 'read', 'կարդալ, ընթերցել'),
(891, 'R', 'race', 'մրցավազք'),
(892, 'R', 'radio', 'ռադիոընդունիչ, ռադիոհեռարձակում'),
(893, 'R', 'railway', 'երկաթուղի, երկաթգիծ'),
(894, 'R', 'rain', 'անձրեւ'),
(895, 'R', 'raise', 'բարձրացնել, կանգնեցնել'),
(896, 'R', 'range', 'շարք, միջակայք'),
(897, 'R', 'rapid', 'արագ, սրընթաց'),
(898, 'R', 'rare', 'հազվագյուտ, բացառիկ'),
(899, 'R', 'rate', 'կուրս, դրույքաչափ'),
(900, 'R', 'raw', 'հում'),
(901, 'R', 'real', 'իրական'),
(902, 'R', 'realistic', 'բնական, իրատեսական'),
(903, 'R', 'realize', 'հասկանալ, գիտակցել'),
(904, 'R', 'really', 'իսկապես, իրոք'),
(905, 'R', 'reason', 'պատճառ'),
(906, 'R', 'recent', 'վերջին'),
(907, 'R', 'reckon', 'հաշվել'),
(908, 'R', 'recognition', 'ճանաչում'),
(909, 'R', 'recommend', 'խորհուրդ տալ'),
(910, 'R', 'red', 'կարմիր'),
(911, 'R', 'reduce', 'նվազեցնել, փոքրացնել'),
(912, 'R', 'reform', 'բարեփոխում, ռեֆորմ'),
(913, 'R', 'refrigerator', 'սառնարան'),
(914, 'R', 'refusal', 'հրաժարում, մերժում'),
(915, 'R', 'region', 'շրջան, տարածաշրջան'),
(916, 'R', 'regret', 'զղջալ'),
(917, 'R', 'reject', 'մերժել'),
(918, 'R', 'relation', 'փոխհարաբերություն'),
(919, 'R', 'relative', ' բարեկամ, ազգական'),
(920, 'R', 'relax', 'հանգստանալ'),
(921, 'R', 'relevant', 'հարմար'),
(922, 'R', 'relief', 'օգնություն'),
(923, 'R', 'remark', 'դիտողություն'),
(924, 'R', 'remember', 'հիշել'),
(925, 'R', 'remote', 'հեռու, հեռավոր'),
(926, 'R', 'remove', 'հեռացնել, վերացնել'),
(927, 'R', 'rent', 'վարձել, վարձակալել'),
(928, 'R', 'repair', 'նորոգում'),
(929, 'R', 'replace', 'փոխարինել'),
(930, 'R', 'reply', 'պատասխանել'),
(931, 'R', 'report', 'հաշվետվություն'),
(932, 'R', 'represent', 'ներկայացնել'),
(933, 'R', 'require', 'պահանջել'),
(934, 'R', 'resident', 'բնակիչ'),
(935, 'R', 'resort', 'առողջարան'),
(936, 'R', 'response', 'պատասխան'),
(937, 'R', 'rest', 'հանգստանալ'),
(938, 'R', 'restaurant', 'ռեստորան'),
(939, 'R', 'rice', 'բրինձ'),
(940, 'S', 'save', 'փրկել, պահել, պահպանել'),
(941, 'S', 'sauce', 'սոուս, համեմունք'),
(942, 'S', 'sack', 'պարկ, քսակ'),
(943, 'S', 'sad', 'տխուր'),
(944, 'S', 'safe', 'ապահով, անվտանգ'),
(945, 'S', 'sail', 'առագաստ'),
(946, 'S', 'sailor', 'նավաստի'),
(947, 'S', 'salad', 'աղցան'),
(948, 'S', 'sale', 'վաճառք'),
(949, 'S', 'salt', 'աղ'),
(950, 'S', 'same', 'նույն'),
(951, 'S', 'sample', ' նմուշ'),
(952, 'S', 'sand', 'ավազ'),
(953, 'S', 'saturday', 'շաբաթ'),
(954, 'S', 'say', 'ասել'),
(955, 'S', 'scale', ' մասշտաբ'),
(956, 'S', 'scare', 'խուճապ'),
(957, 'S', 'school', 'դպրոց'),
(958, 'S', 'science', 'գիտություն'),
(959, 'S', 'scissors', 'մկրատ'),
(960, 'S', 'score', 'հաշիվ'),
(961, 'S', 'screen', 'էկրան'),
(962, 'S', 'sea', 'ծով'),
(963, 'S', 'seal', 'կնքել, կնիք, փոկ'),
(964, 'S', 'search', 'փնտրել, որոնում'),
(965, 'S', 'season', 'եղանակ'),
(966, 'S', 'seat', 'նստատել'),
(967, 'S', 'second', 'վայրկյան, երկրորդ'),
(968, 'S', 'secret', 'գաղտնիք, թաքուն'),
(969, 'S', 'section', 'բաժանում, բաշխում'),
(970, 'S', 'sector', 'հատված'),
(971, 'S', 'secure', 'ապահով'),
(972, 'S', 'security', 'անվտանգություն'),
(973, 'S', 'see', 'տեսնել'),
(974, 'S', 'seed', 'սերմ'),
(975, 'S', 'select', 'ընտրել'),
(976, 'S', 'self', 'անձ'),
(977, 'S', 'sell', 'վաճառել'),
(978, 'S', 'september', 'սեպտեմբեր'),
(979, 'S', 'servant', 'սպասավոր'),
(980, 'S', 'session', 'նիստ, սեանս'),
(981, 'S', 'sharp', 'սուր'),
(982, 'S', 'she', 'նա'),
(983, 'S', 'sheep', 'ոչխար'),
(984, 'S', 'sheet', 'թերթ, սավան'),
(985, 'S', 'shine', 'փայլ, շող'),
(986, 'S', 'shirt', 'վերնաշապիկ'),
(987, 'S', 'shoe', 'կոշիկ'),
(988, 'S', 'shop', 'խանութ'),
(989, 'S', 'short', 'կարճ'),
(990, 'T', 'table', 'աղյուսակ, սեղան'),
(991, 'T', 'tablet', 'հաբ, պլանշետ'),
(992, 'T', 'tail', 'պոչ'),
(993, 'T', 'take', 'վերցնել'),
(994, 'T', 'talk', 'խոսել, զրուցել'),
(995, 'T', 'tall', 'բարձր'),
(996, 'T', 'task', 'առաջադրանք, խնդիր'),
(997, 'T', 'taste', 'համ, համտեսել'),
(998, 'T', 'tea', 'թեյ'),
(999, 'T', 'teacher', 'ուսուցիչ'),
(1000, 'T', 'team', 'թիմ'),
(1001, 'T', 'technique', 'տեխնիկա'),
(1002, 'T', 'telephone', 'հեռախոս'),
(1003, 'T', 'television', 'հեռուստատեսություն'),
(1004, 'T', 'temperature', 'ջերմաստիճան'),
(1005, 'T', 'temporary', 'ժամանակավոր'),
(1006, 'T', 'tendency', 'միտում'),
(1007, 'T', 'tent', 'վրան'),
(1008, 'T', 'terrible', 'ահավոր, սարսափելի'),
(1009, 'T', 'test', 'քննություն'),
(1010, 'T', 'text', 'տեքստ'),
(1011, 'T', 'that', 'այն'),
(1012, 'T', 'theme', 'թեմա'),
(1013, 'T', 'theory', 'տեսություն'),
(1014, 'T', 'they', 'նրանք'),
(1015, 'T', 'thick', 'հաստ'),
(1016, 'T', 'thief', 'գող'),
(1017, 'T', 'thing', 'իր'),
(1018, 'T', 'think', 'մտածել, կարծել'),
(1019, 'T', 'this', 'այս'),
(1020, 'T', 'thread', 'թել, կապ'),
(1021, 'T', 'threat', 'սպառնալիք'),
(1022, 'T', 'throat', 'կոկորդ'),
(1023, 'T', 'throughout', 'ամենուր'),
(1024, 'T', 'throw', 'նետել'),
(1025, 'T', 'ticket', 'տոմս'),
(1026, 'T', 'tidy', 'կոկիկ'),
(1027, 'T', 'tight', 'ձիգ'),
(1028, 'T', 'till', 'մինչեւ'),
(1029, 'T', 'time', 'ժամանակ'),
(1030, 'T', 'translate', 'թարգմանել'),
(1031, 'T', 'transport', 'տեղափոխել'),
(1032, 'T', 'treat', 'հյուրասիրել'),
(1033, 'T', 'trip', 'ուղևորություն'),
(1034, 'T', 'trousers', 'շալվար, տաբատ'),
(1035, 'T', 'truck', 'բեռնատար'),
(1036, 'T', 'type', 'տիպ'),
(1037, 'T', 'tyre', 'անվադող'),
(1038, 'T', 'twice', 'երկու անգամ'),
(1039, 'T', 'twist', 'ոլորել'),
(1040, 'U', 'under', 'տակ, ներքո'),
(1041, 'U', 'ugly', 'տգեղ, նողկալի'),
(1042, 'U', 'ultimate', 'վերջնական, հիմնական'),
(1043, 'U', 'umbrella', 'անձրևանոց, հովանոց'),
(1044, 'U', 'unable', 'անընդունակ, անկարող'),
(1045, 'U', 'uncle', 'քեռի, հորեղբայր, մորեղբայր'),
(1046, 'U', 'underground', 'ընդհատակ, գաղտնի'),
(1047, 'U', 'underneath', 'տակ'),
(1048, 'U', 'understand', 'հասկանալ'),
(1049, 'U', 'underwater', 'ստորջրյա'),
(1050, 'U', 'underwear', 'ներքնազգեստ'),
(1051, 'U', 'undo', 'արձակել'),
(1052, 'U', 'unexpected', 'անակնկալ, անսպասելի'),
(1053, 'U', 'unfair', 'անարդար'),
(1054, 'U', 'unfriendly', 'անբարյացակամ'),
(1055, 'U', 'unhappy', 'դժբախտ, տխուր, դժգոհ'),
(1056, 'U', 'union', 'միություն'),
(1057, 'U', 'unique', 'եզակի'),
(1058, 'U', 'unit', 'միավոր'),
(1059, 'U', 'university', 'համալսարան'),
(1060, 'U', 'unkind', 'չար, անգութ, դաժան'),
(1061, 'U', 'unknown', 'անծանոթ, անհայտ'),
(1062, 'U', 'unlikely', 'քիչ հավանական'),
(1063, 'U', 'unload', 'բեռնաթափել, դատարկել'),
(1064, 'U', 'unite', 'միավորել'),
(1065, 'U', 'unlucky', 'ձախորդ'),
(1066, 'U', 'unnecessary', 'ավելորդ'),
(1067, 'U', 'unsuccessful', 'անիմաստ, դժբախտ'),
(1068, 'U', 'unsteady', 'անհաստատ, անկայուն'),
(1069, 'U', 'up', 'վեր'),
(1070, 'U', 'upset', 'անկարգություն'),
(1071, 'U', 'upper', 'վերին'),
(1072, 'U', 'upside', 'գագաթ, շահույթ'),
(1073, 'U', 'upwards', 'դեպի վեր'),
(1074, 'U', 'upon', 'վրա'),
(1075, 'U', 'us', 'մեզ ,մենք'),
(1076, 'U', 'use', 'օգտագործում'),
(1077, 'U', 'useful', 'օգտակար'),
(1078, 'U', 'useless', 'անպետք, անօգուտ'),
(1079, 'U', 'user', 'օգտագեր'),
(1080, 'U', 'usual', 'սովորական'),
(1081, 'U', 'uncontrolled', 'ազատ'),
(1082, 'U', 'urgent', 'հրատապ, համառ'),
(1083, 'U', 'urge', 'ստիպել'),
(1084, 'U', 'urban', 'քաղաք'),
(1085, 'U', 'unwillingly', 'ակամա'),
(1086, 'U', 'unreasonable', 'անիմաստ, տխմար'),
(1087, 'U', 'universe', 'տիեզերք, աշխարհ'),
(1088, 'U', 'unhappiness', 'տխրություն'),
(1089, 'U', 'unless', 'եթե'),
(1090, 'V', 'vacant', 'թափուր'),
(1091, 'V', 'vacate', 'թողնել, լքել, հրաժարական տալ'),
(1092, 'V', 'vacation', 'արձակուրդ'),
(1093, 'V', 'vaccine', 'պատվաստանյութ'),
(1094, 'V', 'vacuous', 'պարապ, դատարկ'),
(1095, 'V', 'vacuum', 'վակուում'),
(1096, 'V', 'vagrant', 'ճանապարհորդ, ուղևոր'),
(1097, 'V', 'vain', 'ապարդյուն'),
(1098, 'V', 'valet', 'սպասավոր'),
(1099, 'V', 'valise', ' ճամպրուկ'),
(1100, 'V', 'valley', 'հովիտ'),
(1101, 'V', 'valuable', 'թանկարժեք'),
(1102, 'V', 'vampire', 'վամպիր'),
(1103, 'V', 'van', 'վագոն'),
(1104, 'V', 'vanish', 'անհետանալ'),
(1105, 'V', 'vapor', 'գոլորշի'),
(1106, 'V', 'variant', 'տարբերակ'),
(1107, 'V', 'variety', 'տեսակ'),
(1108, 'V', 'various', 'տարբեր'),
(1109, 'V', 'vase', 'վազա'),
(1110, 'V', 'vast', 'հսկայական'),
(1111, 'V', 'vault', 'դամբարան, պահոց'),
(1112, 'V', 'vegetable', 'բանջարեղեն, բանջար'),
(1113, 'V', 'vegetarian', 'բուսակեր'),
(1114, 'V', 'vein', 'երակ'),
(1115, 'V', 'velocity', 'արագություն, հաճախություն'),
(1116, 'V', 'velvet', 'թավիշ, թավշյա'),
(1117, 'V', 'venom', 'թույն'),
(1118, 'V', 'vengeance', 'վրեժ'),
(1119, 'V', 'vent', 'ելք'),
(1120, 'V', 'verb', 'բայ'),
(1121, 'V', 'verbal', 'բառացի, բանավոր'),
(1122, 'V', 'verge', 'ծայր, եզր'),
(1123, 'V', 'veritable', 'իսկական'),
(1124, 'V', 'vestige', 'հետք, նշույլ'),
(1125, 'V', 'vex', 'զայրացնել, նեղություն'),
(1126, 'V', 'vibrate', 'ցնցվել'),
(1127, 'V', 'victim', 'զոհ'),
(1128, 'V', 'victimize', 'մոլորեցնել, խաբել'),
(1129, 'V', 'victory', 'հաղթանակ'),
(1130, 'V', 'view', ' դիտում, հայացք'),
(1131, 'V', 'vigor', 'ուժ'),
(1132, 'V', 'village', 'գյուղ'),
(1133, 'V', 'vinegar', 'քացախ'),
(1134, 'V', 'virgin', 'կույս'),
(1135, 'V', 'visible', 'ակնհայտ'),
(1136, 'V', 'voice', 'ձայն'),
(1137, 'V', 'void', 'դատարկ'),
(1138, 'V', 'volt', 'վոլտ'),
(1139, 'V', 'voting', 'քվեարկություն'),
(1140, 'W', 'watch', 'նայել, դիտել'),
(1141, 'W', 'walk', 'քայլել'),
(1142, 'W', 'wage', 'վաստակ'),
(1143, 'W', 'waist', 'իրան'),
(1144, 'W', 'wait', 'սպասել'),
(1145, 'W', 'waiter', 'մատուցող'),
(1146, 'W', 'wake', 'արթնանալ'),
(1147, 'W', 'wall', 'պատ'),
(1148, 'W', 'wallet', 'դրամապանակ'),
(1149, 'W', 'want', 'կարիք, ցանկանալ'),
(1150, 'W', 'war', 'պատերազմ, կռիվ, պայքար'),
(1151, 'W', 'warm', 'ջերմ, տաք'),
(1152, 'W', 'warn', 'զգուշացնել, նախազգուշացնել'),
(1153, 'W', 'wash', 'լվալ'),
(1154, 'W', 'waste', 'թափոն'),
(1155, 'W', 'water', 'ջուր'),
(1156, 'W', 'wave', 'ալիք'),
(1157, 'W', 'way', 'ճանապարհ, ուղի'),
(1158, 'W', 'we', 'մենք'),
(1159, 'W', 'weak', 'թույլ, տկար'),
(1160, 'W', 'wealth', 'հարստություն, բարիք'),
(1161, 'W', 'weapon', 'զենք'),
(1162, 'W', 'wear', 'կրել'),
(1163, 'W', 'weather', 'եղանակ'),
(1164, 'W', 'web', 'սարդոստայն'),
(1165, 'W', 'wedding', 'հարսանիք, ամուսնություն'),
(1166, 'W', 'week', 'շաբաթ'),
(1167, 'W', 'weigh', 'կշռել, կշռադատել'),
(1168, 'W', 'well', 'լավ'),
(1169, 'W', 'western', 'արևմտյան'),
(1170, 'W', 'wet', 'թաց'),
(1171, 'W', 'what', 'ինչ'),
(1172, 'W', 'when', 'երբ'),
(1173, 'W', 'whisper', 'շշուկ'),
(1174, 'W', 'whistle', 'սուլել'),
(1175, 'W', 'white', 'սպիտակ, ճերմակ'),
(1176, 'W', 'whole', 'ամբողջ'),
(1177, 'W', 'wide', 'լայն'),
(1178, 'W', 'wife', 'կին'),
(1179, 'W', 'wild', 'վայրի'),
(1180, 'W', 'will', 'կտակ, կամք'),
(1181, 'W', 'win', 'հաղթել'),
(1182, 'W', 'wind', 'քամի'),
(1183, 'W', 'window', 'պատուհան'),
(1184, 'W', 'wine', 'գինի'),
(1185, 'W', 'wing', 'թև'),
(1186, 'W', 'winter', 'ձմեռ'),
(1187, 'W', 'with', 'հետ'),
(1188, 'W', 'woman', 'կին'),
(1189, 'W', 'wood', 'անտառ'),
(1190, 'X', 'xanthippe', 'վհուկ'),
(1191, 'X', 'xanthous', 'դեղնավուն'),
(1192, 'X', 'xenon', 'քսենոն'),
(1193, 'X', 'xenophobia', 'քսենոֆոբիա'),
(1194, 'X', 'xylophone', 'քսիլոֆոն'),
(1195, 'X', 'xylograph', 'քսիլոգրաֆ'),
(1196, 'X', 'xerox', 'պատճենում'),
(1197, 'Y', 'year', 'տարի, տարիք'),
(1198, 'Y', 'yard', 'յարդ'),
(1199, 'Y', 'yellow', 'դեղին'),
(1200, 'Y', 'yesterday', 'երեկ'),
(1201, 'Y', 'yet', 'դեռ, դեռևս, սակայն'),
(1202, 'Y', 'Yorkshire', 'անգլիյա'),
(1203, 'Y', 'young', 'երիտասարդ'),
(1204, 'Y', 'youngster', 'պատանի'),
(1205, 'Y', 'yacht', 'զբոսանավ'),
(1206, 'Y', 'yeast', 'թթխմոր, խմորիչ'),
(1207, 'Y', 'yes', 'այո'),
(1208, 'Y', 'yield', 'բերք'),
(1209, 'Y', 'yoke', 'լուծ'),
(1210, 'Y', 'yolk', 'դեղնուց'),
(1211, 'Y', 'you', 'դու'),
(1212, 'Y', 'your', 'քո'),
(1213, 'Y', 'youtself', 'ինքդ քեզ'),
(1214, 'Y', 'yourselves', 'քեզ, դուք'),
(1215, 'Y', 'youth', 'երիտասարդություն'),
(1216, 'Z', 'zeal', 'խանդավառություն, կիրք, ավյուն'),
(1217, 'Z', 'zenith', 'զենիթ, գագաթնակետ'),
(1218, 'Z', 'zero', 'զրո'),
(1219, 'Z', 'zink', 'ցինկ'),
(1220, 'Z', 'zipper', 'շանթ, կայծակ'),
(1221, 'Z', 'zone', 'գոտի, շրջան'),
(1222, 'Z', 'zoo', 'կենդանաբանական այգի'),
(1223, 'Z', 'zoology', 'կենդանաբանություն'),
(1224, 'Z', 'zoological', 'կենդանաբանական'),
(1225, 'Z', 'zoom', 'խոշորացնել'),
(1226, 'Z', 'zany', 'ծիծաղելի'),
(1227, 'Z', 'zap', 'զապ'),
(1228, 'Z', 'zealot', 'երկրպագու'),
(1229, 'Z', 'zealotry', 'Ֆանատիզմ'),
(1230, 'Z', 'zealous', 'եռանդուն'),
(1231, 'Z', 'zebra', 'զեբր'),
(1232, 'Z', 'zeolite', 'ցեոլիտ'),
(1233, 'Z', 'zephyr', 'զեփյուռ'),
(1234, 'Z', 'Zeus', 'Զևս'),
(1235, 'Z', 'zigzag', 'զիգզագ'),
(1236, 'Z', 'zinc', 'ցինկ'),
(1237, 'Z', 'zing', 'կորով, եռանդ'),
(1238, 'Z', 'zip', 'աշխուժություն'),
(1239, 'Z', 'zirconium', 'ցիրկոնիում'),
(1240, 'Z', 'zodiac', 'կենդանակերպ'),
(1241, 'Z', 'zonal', 'Գավառ, տարածք'),
(1242, 'Z', 'zombie', 'զոմբի'),
(1243, 'Z', 'zoologist', 'կենդանաբան');

-- --------------------------------------------------------

--
-- Структура таблицы `users`
--

CREATE TABLE `users` (
  `id` int(11) NOT NULL,
  `name` varchar(30) NOT NULL,
  `surname` varchar(30) NOT NULL,
  `email` varchar(30) NOT NULL,
  `password` varchar(255) NOT NULL,
  `photo` int(2) NOT NULL DEFAULT '0',
  `rating` int(11) NOT NULL
) ENGINE=InnoDB DEFAULT CHARSET=utf8;

--
-- Дамп данных таблицы `users`
--

INSERT INTO `users` (`id`, `name`, `surname`, `email`, `password`, `photo`, `rating`) VALUES
(4, 'Shaqe', 'Markosyan', 'a@mail.ru', '1111111111', 0, 120000),
(8, 'Karen', 'Markosyan', 'abudda@mail.ru', '7777777777', 0, 4500),
(9, 'Vardan', 'Mamikonyan', 'aboba@gmail.com', '5555555555', 0, 0),
(10, 'С', 'sdfsdfsdfsdf', 'yolyan.hayk@gmail.com', 'fghfghfghgf', 1, 300);

--
-- Индексы сохранённых таблиц
--

--
-- Индексы таблицы `a1`
--
ALTER TABLE `a1`
  ADD PRIMARY KEY (`id`);

--
-- Индексы таблицы `a2`
--
ALTER TABLE `a2`
  ADD PRIMARY KEY (`id`);

--
-- Индексы таблицы `ad`
--
ALTER TABLE `ad`
  ADD PRIMARY KEY (`id`);

--
-- Индексы таблицы `ant_syn`
--
ALTER TABLE `ant_syn`
  ADD PRIMARY KEY (`id`);

--
-- Индексы таблицы `b1`
--
ALTER TABLE `b1`
  ADD PRIMARY KEY (`id`);

--
-- Индексы таблицы `b2`
--
ALTER TABLE `b2`
  ADD PRIMARY KEY (`id`);

--
-- Индексы таблицы `c1`
--
ALTER TABLE `c1`
  ADD PRIMARY KEY (`id`);

--
-- Индексы таблицы `c2`
--
ALTER TABLE `c2`
  ADD PRIMARY KEY (`id`);

--
-- Индексы таблицы `shop`
--
ALTER TABLE `shop`
  ADD PRIMARY KEY (`id`);

--
-- Индексы таблицы `tests`
--
ALTER TABLE `tests`
  ADD PRIMARY KEY (`id`);

--
-- Индексы таблицы `test_question`
--
ALTER TABLE `test_question`
  ADD PRIMARY KEY (`id`);

--
-- Индексы таблицы `translate`
--
ALTER TABLE `translate`
  ADD PRIMARY KEY (`id`);

--
-- Индексы таблицы `users`
--
ALTER TABLE `users`
  ADD PRIMARY KEY (`id`);

--
-- AUTO_INCREMENT для сохранённых таблиц
--

--
-- AUTO_INCREMENT для таблицы `a1`
--
ALTER TABLE `a1`
  MODIFY `id` int(11) NOT NULL AUTO_INCREMENT, AUTO_INCREMENT=125;

--
-- AUTO_INCREMENT для таблицы `a2`
--
ALTER TABLE `a2`
  MODIFY `id` int(11) NOT NULL AUTO_INCREMENT, AUTO_INCREMENT=65;

--
-- AUTO_INCREMENT для таблицы `ad`
--
ALTER TABLE `ad`
  MODIFY `id` int(11) NOT NULL AUTO_INCREMENT, AUTO_INCREMENT=2;

--
-- AUTO_INCREMENT для таблицы `ant_syn`
--
ALTER TABLE `ant_syn`
  MODIFY `id` int(11) NOT NULL AUTO_INCREMENT, AUTO_INCREMENT=421;

--
-- AUTO_INCREMENT для таблицы `b1`
--
ALTER TABLE `b1`
  MODIFY `id` int(11) NOT NULL AUTO_INCREMENT, AUTO_INCREMENT=35;

--
-- AUTO_INCREMENT для таблицы `b2`
--
ALTER TABLE `b2`
  MODIFY `id` int(11) NOT NULL AUTO_INCREMENT, AUTO_INCREMENT=31;

--
-- AUTO_INCREMENT для таблицы `c1`
--
ALTER TABLE `c1`
  MODIFY `id` int(11) NOT NULL AUTO_INCREMENT, AUTO_INCREMENT=21;

--
-- AUTO_INCREMENT для таблицы `c2`
--
ALTER TABLE `c2`
  MODIFY `id` int(11) NOT NULL AUTO_INCREMENT, AUTO_INCREMENT=21;

--
-- AUTO_INCREMENT для таблицы `shop`
--
ALTER TABLE `shop`
  MODIFY `id` int(11) NOT NULL AUTO_INCREMENT, AUTO_INCREMENT=12;

--
-- AUTO_INCREMENT для таблицы `tests`
--
ALTER TABLE `tests`
  MODIFY `id` int(11) NOT NULL AUTO_INCREMENT, AUTO_INCREMENT=241;

--
-- AUTO_INCREMENT для таблицы `test_question`
--
ALTER TABLE `test_question`
  MODIFY `id` int(11) NOT NULL AUTO_INCREMENT, AUTO_INCREMENT=255;

--
-- AUTO_INCREMENT для таблицы `translate`
--
ALTER TABLE `translate`
  MODIFY `id` int(11) NOT NULL AUTO_INCREMENT, AUTO_INCREMENT=1244;

--
-- AUTO_INCREMENT для таблицы `users`
--
ALTER TABLE `users`
  MODIFY `id` int(11) NOT NULL AUTO_INCREMENT, AUTO_INCREMENT=11;
COMMIT;

/*!40101 SET CHARACTER_SET_CLIENT=@OLD_CHARACTER_SET_CLIENT */;
/*!40101 SET CHARACTER_SET_RESULTS=@OLD_CHARACTER_SET_RESULTS */;
/*!40101 SET COLLATION_CONNECTION=@OLD_COLLATION_CONNECTION */;
